ジャンル,タイトル,出版社,著者,完結,巻数,ＩＳＢＮ,棚番,コメント,コミ№,冊数,連番,複数,ＣＮＯ,ジャンル,タイトル,副題,タイトルカナ,出版社,出版社カナ,著者,著者カナ,原作者,区分,シリーズ,雑誌名,完結,巻数,発売日,ＩＳＢＮ,ＩＳＢＮ１３,本体価格,雑誌コード,許諾日,終了日,許諾,販売ランク,ほんのきもち
B1,灼熱の卓球娘 ＲＥＢＵＲＮ！！,竹書房,朝野やぐら,,3,,,,166450,1,1,,166450,B1,灼熱の卓球娘 ＲＥＢＵＲＮ！！,,シャクネツノタッキュウムスメリバーン,竹書房,タケショボウ,朝野やぐら,アサノヤグラ,,,バンブーコミックス,,,1,2024/02/17,4-8019-8234-4,9784801982345,740,57684-24,2024/03/17,,許諾,他,0
B1,やらかし王子が家に来た！,講談社,遠藤海成,,3,,,,169806,1,2,,169806,B1,やらかし王子が家に来た！,,ヤラカシオウジガイエニキタ,講談社,コウダンシャ,遠藤海成,エンドウミナリ,,,星海社ＣＯＭＩＣＳ,,,1,2025/01/23,4-06-537384-0,9784065373842,1000,202411-297,,,,他,0
B1,憧れのメイドさんはタバコが似合う,スクウェア・エニックス,嶋水えけ,,4,,,,170457,1,3,,170457,B1,憧れのメイドさんはタバコが似合う,,アコガレノメイドサンハタバコガニアウ,スクウェア・エニックス,スクウェアエニックス,嶋水えけ,シマミズエケ,,,ガンガンコミックスＪＯＫＥＲ,ガンガンＪＯＫＥＲ,,1,2025/01/21,4-7575-9627-8,9784757596276,764,48176-46,2025/02/21,,許諾,他,0
S1,木星少女流星群,講談社,真木蛍五,,3,,,,138184,1,4,,138184,S1,木星少女流星群,,モクセイショウジョリュウセイグン,講談社,コウダンシャ,真木蛍五,マキケイゴ,木戸朋生,原作,週マガＫＣ,,,1,2018/03/09,4-06-511213-3,9784065112137,440,42289-79,2018/04/09,,許諾,他,29358
B1,アクマでふけい！,講談社,安部真弘,,3,,,,172396,1,5,,172396,B1,アクマでふけい！,,アクマデフケイ,講談社,コウダンシャ,安部真弘,アンベマサヒロ,,,ヤンマガＫＣスペシャル,ヤングマガジン,,1,2025/06/06,4-06-538975-5,9784065389751,720,42573-41,2025/07/06,,許諾,他,0
S2,エールガール！,集英社,田中ゆちあ,,3,,,,172748,1,6,,172748,S2,エールガール！,,エールガール,集英社,シュウエイシャ,田中ゆちあ,タナカユチア,,,マーガレットコミックス,別冊マーガレット,,1,2025/07/25,4-08-843154-5,9784088431543,520,43451-54,2025/08/25,,許諾,他,0
B1,あと３６５日の晩餐,秋田書店,半月板損傷,,3,,,,168891,1,7,,168891,B1,あと３６５日の晩餐,,アトサンビャクロクジュウゴニチノディナー,秋田書店,アキタショテン,半月板損傷,ハンゲツバンソンショウ,小太刀右京,原作,チャンピオンＲＥＤコミックス,チャンピオンＲＥＤ,連載中,1,2024/09/19,4-253-32055-4,9784253320559,660,44952-09,2024/10/19,,許諾,他,0
B1,異世界喰滅のサメ,キルタイムコミュニケーション,くぼけん,,12,,,,153418,1,8,,153418,B1,異世界喰滅のサメ,,イセカイクイメツノサメ,キルタイムコミュニケーション,キルタイムコミュニケーション,くぼけん,クボケン,,,ヴァルキリーコミックス,,,1,2021/05/27,4-7992-1504-3,9784799215043,630,202105-134,,,,他,0
B1,のたり松太郎,小学館,ちばてつや,,36,,,,5093,1,9,,5093,B1,のたり松太郎,,ノタリマツタロウ,小学館,ショウガクカン,ちばてつや,チバテツヤ,,,ビッグコミックス,ビッグコミック,,1,1976/01/28,4-09-180071-8,9784091800718,505,,2006/07/01,2017/12/19,,BZ,2202
B1,ログインサバイバル,スクウェア・エニックス,竹鶏三歩,,5,,,,157990,1,10,,157990,B1,ログインサバイバル,,ログインサバイバル,スクウェア・エニックス,スクウェアエニックス,竹鶏三歩,タケイサンポ,高光晶,原作,Ｇファンタジーコミックス,Ｇファンタジー,,1,2022/05/27,4-7575-7938-1,9784757579385,600,48080-87,2022/06/27,,許諾,他,0
S1,もののけの乱,講談社,竹田陽介,,3,,,,165521,1,11,,165521,S1,もののけの乱,,モノノケノラン,講談社,コウダンシャ,竹田陽介,タケダヨウスケ,,,講談社コミックス,週刊少年マガジン,連載中,1,2023/12/15,4-06-533870-0,9784065338704,500,42165-17,2024/01/15,,許諾,他,0
S1,モナリザマニア,集英社,ヨシカゲ,,3,,,,142384,1,12,,142384,S1,モナリザマニア,,モナリザマニア,集英社,シュウエイシャ,ヨシカゲ,ヨシカゲ,,,ジャンプコミックス,ジャンプＳＱ,,1,2019/01/04,4-08-881702-8,9784088817026,480,43104-02,2019/02/04,,許諾,他,0
B1,カミガカリ,講談社,子守ヒキ,,3,,,,164735,1,13,,164735,B1,カミガカリ,,カミガカリ,講談社,コウダンシャ,子守ヒキ,コモリヒキ,,,ヤンマガＫＣスペシャル,,,1,2023/10/19,4-06-533402-0,9784065334027,690,42567-81,2023/11/19,,許諾,他,0
L,愛…しりそめし頃に…,小学館,藤子不二雄・Ａ,,12,,,,7298,1,14,,7298,L,愛…しりそめし頃に…,,アイシリソメシコロニ,小学館,ショウガクカン,藤子不二雄・Ａ,フジコフジオエー,,,ビッグコミックススペシャル,ビッグコミックオリジナル増刊,,1,1997/01/30,4-09-183704-2,9784091837042,1068,,2006/07/01,,許諾,LF,6848
S1,ＥとＴ。～えいがとてんし。～,小学館,猫砂一平,,3,,,,121023,1,15,,121023,S1,ＥとＴ。～えいがとてんし。～,,イートティー,小学館,ショウガクカン,猫砂一平,ネコスナイツペイ,,,少年サンデーコミックス,週刊少年サンデー,,1,2014/11/18,4-09-125365-2,9784091253651,429,45103-65,2014/12/18,,許諾,他,24500
B1,吹部やめたい萩野さん,秋田書店,桃原,,5,,,,165153,1,16,,165153,B1,吹部やめたい萩野さん,,スイブヤメタイハギノサン,秋田書店,アキタショテン,桃原,モモハラ,,,少年チャンピオン・コミックス,週刊少年チャンピオン,,1,2023/11/08,4-253-29207-0,9784253292078,660,40168-70,2023/12/08,,許諾,他,0
B1,シリアルキラー異世界に降り立つ 異世界バトルロイヤル,少年画報社,ヒロ,,4,,,,170624,1,17,,170624,B1,シリアルキラー異世界に降り立つ 異世界バトルロイヤル,,シリアルキラーイセカイニオリタツイセカイバトルロイヤル,少年画報社,ショウネンガホウシャ,ヒロ,ヒロ,河本ほむら,原作,ＹＫコミックス,ヤングキング,連載中,1,2025/01/07,4-7859-7845-7,9784785978457,720,50068-96,,,,他,0
B1,となりの席のジェームズくん,スクウェア・エニックス,ｙｕｔａｋａ,,3,,,,170837,1,18,,170837,B1,となりの席のジェームズくん,,トナリノセキノジェームズクン,スクウェア・エニックス,スクウェアエニックス,ｙｕｔａｋａ,ユタカ,,,Ｇファンタジーコミックス,Ｇファンタジー,,1,2025/02/27,4-7575-9703-7,9784757597037,700,48083-54,2025/03/27,,許諾,他,0
S1,ＡＵＲＯＲＡ ＮＯＤＥ,集英社,箱いっせ,,3,,,,155592,1,19,,155592,S1,ＡＵＲＯＲＡ ＮＯＤＥ,,オーロラノード,集英社,シュウエイシャ,箱いっせ,ハコイッセ,,,ジャンプコミックス,,,1,2021/11/04,4-08-882825-9,9784088828251,440,43205-25,2021/12/04,,許諾,他,0
B1,おせん 和な女,幻冬舎,きくち正太,,7,,,,161117,1,20,,161117,B1,おせん 和な女,,オセンワナヒト,幻冬舎,ゲントウシャ,きくち正太,キクチショウタ,,,バーズコミックス,,,1,2023/01/24,4-344-85169-2,9784344851696,670,54264-68,,,,他,0
B1,チグハグトリック,ＫＡＤＯＫＡＷＡ（ＭＦ）,川上三塁手,,3,,,,165673,1,21,,165673,B1,チグハグトリック,,チグハグトリック,ＫＡＤＯＫＡＷＡ（ＭＦ）,カドカワメディアファクトリー,川上三塁手,カワカミサンルイシュ,,,ＭＦＣ,,,1,2023/12/22,4-04-683120-0,9784046831200,680,202312-189,,,,他,0
B1,ニーナはパパを暗殺したい,スクウェア・エニックス,キトラ,,3,,,,153716,1,22,,153716,B1,ニーナはパパを暗殺したい,,ニーナハパパヲアンサツシタイ,スクウェア・エニックス,スクウェアエニックス,キトラ,キトラ,島崎無印,原作,ＧＣＯ,,,1,2021/06/11,4-7575-7324-3,9784757573246,600,48147-34,2021/07/11,,許諾,他,0
B1,ニュークリア,日本文芸社,木村航,,5,,,,168688,1,23,,168688,B1,ニュークリア,,ニュークリアイチ,日本文芸社,ニホンブンゲイシャ,木村航,キムラコウ,,,ニチブンコミックス,週刊漫画ゴラク,連載中,1,2024/08/19,4-537-14873-X,9784537148732,740,52991-69,2024/09/19,,許諾,他,0
B1,雨でも晴れでも,ＫＡＤＯＫＡＷＡ（ＡＭＷ）,あらた伊里,,3,,,,149185,1,24,,149185,B1,雨でも晴れでも,,アメデモハレデモ,ＫＡＤＯＫＡＷＡ（ＡＭＷ）,カドカワアスキーメディアワークス,あらた伊里,アラタイリ,,,電撃コミックスＮＥＸＴ,電撃大王,連載中,1,2020/06/27,4-04-913238-9,9784049132380,650,202006-177,,,,他,0
B1,もうひとつのピアノの森 整う音,講談社,一色まこと,,3,,,,172416,1,25,,172416,B1,もうひとつのピアノの森 整う音,,モウヒトツノピアノノモリトトノウオト,講談社,コウダンシャ,一色まこと,イッシキマコト,,,モーニング　ＫＣ,モーニング,連載中,1,2025/06/23,4-06-539703-0,9784065397039,790,42727-40,2025/07/23,,許諾,他,0
B1,仮面ライダーアマゾンズ外伝 蛍火,講談社,真じろう,,5,,,,139447,1,26,,139447,B1,仮面ライダーアマゾンズ外伝 蛍火,,カメンライダーアマゾンズガイデンホタルビ,講談社,コウダンシャ,真じろう,シンジロウ,石ノ森章太郎,原作,モーニングＫＣ,,,1,2018/06/15,4-06-511895-6,9784065118955,570,42694-38,2018/07/15,,許諾,他,29832
B1,これってハラスメントですか？,集英社,Ｈｙｕｇａ,,5,,,,172388,1,27,,172388,B1,これってハラスメントですか？,,コレッテハラスメントデスカ,集英社,シュウエイシャ,Ｈｙｕｇａ,ヒュウガ,はやかわけんじ,原作,ヤングジャンプコミックス,グランドジャンプむちゃ,連載中,1,2025/06/18,4-08-893643-4,9784088936437,720,44360-43,2025/07/18,,許諾,他,0
B1,悶えてよ、アダムくん,星雲社,トヨ,,8,,,,166087,1,28,,166087,B1,悶えてよ、アダムくん,,モダエテヨアダムクン,星雲社,セイウンシャ,トヨ,トヨ,,,ナイトマ,,,1,2024/01/18,4-434-33098-5,9784434330988,720,202401-256,,,,他,0
S2,昏姫と恋烏,白泉社,大宙晃,,3,,,,172040,1,29,,172040,S2,昏姫と恋烏,,クラヒメトコイカラス,白泉社,ハクセンシャ,大宙晃,オオソラアキラ,,,花とゆめコミックス,ララ,,1,2025/05/02,4-592-23072-8,9784592230724,540,43870-86,2025/06/02,,許諾,他,0
B1,ＯＭＯＲＩ,講談社,此糸縫,,4,,,,169597,1,30,,169597,B1,ＯＭＯＲＩ,,オモリ,講談社,コウダンシャ,此糸縫,コノイトヌイ,ＯＭＯＣＡＴ,原作,アフタヌーンＫＣ,アフタヌーン,連載中,1,2024/11/21,4-06-537782-X,9784065377826,760,55747-43,2024/12/21,,許諾,他,0
B1,顔に出ない柏田さんと顔に出る太田君＋,ＫＡＤＯＫＡＷＡ（富士見）,東ふゆ,,3,,,,167477,1,31,,167477,B1,顔に出ない柏田さんと顔に出る太田君＋,,カオニデナイカシワダサントカオニデルオオタクンプラス,ＫＡＤＯＫＡＷＡ（富士見）,カドカワフジミショボウ,東ふゆ,アズマフユ,,,ドラゴンコミックスエイジ,,,1,2024/05/08,4-04-075429-8,9784040754291,690,202405-026,2024/06/09,2027/05/08,許諾,他,0
L,ジュゲム・ジュゲム,講談社,ケイケイ,,5,,,,53068,1,32,,53068,L,ジュゲム・ジュゲム,,ジュゲムジュゲム,講談社,コウダンシャ,ケイケイ,ケイケイ,,,ワイドＫＣ,Ｋｉｓｓ,,1,2002/01/09,4-06-337481-5,9784063374810,619,,2005/07/21,,許諾,他,18761
B1,開演のベルでおやすみ,集英社,今越章了,,3,,,,143596,1,33,,143596,B1,開演のベルでおやすみ,,カイエンノベルデオヤスミ,集英社,シュウエイシャ,今越章了,イマコシアキタカ,,,ジャンプコミックス,,,1,2019/04/04,4-08-881816-4,9784088818160,600,43105-16,2019/05/04,,許諾,他,0
B1,ゆげたつらん,ＫＡＤＯＫＡＷＡ（ＥＢ）,遠浅よるべ,,3,,,,170520,1,34,,170520,B1,ゆげたつらん,,ユゲタツラン,ＫＡＤＯＫＡＷＡ（ＥＢ）,カドカワエンターブレイン,遠浅よるべ,トアサヨルベ,,,ビームコミックス,コミックビーム,連載中,1,2025/01/10,4-04-738228-0,9784047382282,800,202501-102,,,,他,0
B1,銀河のカーテンコール,講談社,北駒生,,3,,,,154465,1,35,,154465,B1,銀河のカーテンコール,,ギンガノカーテンコール,講談社,コウダンシャ,北駒生,キタコマオ,,,モーニング　ＫＣ,モーニング・ツー,,1,2021/08/23,4-06-524224-X,9784065242247,650,42707-45,2021/09/23,,許諾,他,0
B1,イジメ０の学校,講談社,西嶋慶大,,3,,,,169188,1,36,,169188,B1,イジメ０の学校,,イジメゼロノガッコウ,講談社,コウダンシャ,西嶋慶大,ニシジマケイタ,石川実,原作,ヤンマガＫＣスペシャル,ヤングマガジン,,1,2024/10/04,4-06-537244-5,9784065372449,690,42571-59,2024/11/04,,許諾,他,0
B2,花見小路北日記,集英社,桃缶,,5,,,,168833,1,37,,168833,B2,花見小路北日記,,ハナミコウジキタニッキ,集英社,シュウエイシャ,桃缶,モモカン,,,マーガレットコミックス,ココハナ,連載中,1,2024/09/25,4-08-843044-1,9784088430447,720,43450-44,2024/10/25,,許諾,他,0
B1,三千年目の神対応,講談社,加藤文孝,,3,,,,153677,1,38,,153677,B1,三千年目の神対応,,サンゼンネンメノカミタイオウ,講談社,コウダンシャ,加藤文孝,カトウフミタカ,,,ヤンマガＫＣスペシャル,ヤングマガジン,,1,2021/06/04,4-06-523662-2,9784065236628,630,42559-01,2021/07/04,,許諾,他,0
B1,私たちはカケちがっている,秋田書店,みなもと悠,,3,,,,171649,1,39,,171649,B1,私たちはカケちがっている,,ワタシタチハカケチガッテイル,秋田書店,アキタショテン,みなもと悠,ミナモトユウ,,,少年チャンピオン・コミックス,,,1,2025/04/08,4-253-29831-1,9784253298315,720,40174-76,2025/05/08,,許諾,他,0
B2,ブラパト！  ブランドパトロール 本日も異常なし！,秋田書店,大久保ヒロミ,,3,,,,168889,1,40,,168889,B2,ブラパト！  ブランドパトロール 本日も異常なし！,,ブラパトブランドパトロールホンジツモイジョウナシ,秋田書店,アキタショテン,大久保ヒロミ,オオクボヒロミ,かっぴー,原作,Ａ．Ｌ．Ｃ．ＤＸ,,,1,2024/09/13,4-253-16262-2,9784253162623,680,40918-16,2024/10/13,,許諾,他,0
B1,都市伝説先輩,集英社,平岡一輝,,4,,,,171193,1,41,,171193,B1,都市伝説先輩,,トシデンセツセンパイ,集英社,シュウエイシャ,平岡一輝,ヒラオカカズキ,,,ジャンプコミックス,,,1,2025/03/04,4-08-884495-5,9784088844954,700,43360-95,2025/04/04,,許諾,他,0
S2,焼肉の女 綾門寺赤奈,集英社,佐藤ざくり,,4,,,,172750,1,42,,172750,S2,焼肉の女 綾門寺赤奈,,ヤキニクノオンナアヤモンジアカナ,集英社,シュウエイシャ,佐藤ざくり,サトウザクリ,,,マーガレットコミックス,ココハナ,連載中,1,2025/07/25,4-08-843152-9,9784088431529,520,43451-52,2025/08/25,,許諾,他,0
S1,君じゃなきゃダメな奴隷少女,講談社,青目槙斗,,6,,,,159068,1,43,,159068,S1,君じゃなきゃダメな奴隷少女,,キミジャナキャダメナドレイショウジョ,講談社,コウダンシャ,青目槙斗,アオメマキト,,,講談社コミックス月刊マガジン,,,1,2022/08/17,4-06-528536-4,9784065285367,480,41784-18,2022/09/17,,許諾,他,0
B1,恋するパンティストッキング,少年画報社,ウシハシル,,3,,,,155810,1,44,,155810,B1,恋するパンティストッキング,,コイスルパンティストッキング,少年画報社,ショウネンガホウシャ,ウシハシル,ウシハシル,,,ＹＫコミックス,アワーズＧＨ,,1,2021/11/16,4-7859-7031-6,9784785970314,650,50060-85,,,,他,0
B1,宙飛ぶバイオリン,講談社,三原和人,,5,,,,172777,1,45,,172777,B1,宙飛ぶバイオリン,,ソラトブバイオリン,講談社,コウダンシャ,三原和人,ミハラカズト,,,モーニング　ＫＣ,モーニング,連載中,1,2025/07/23,4-06-540048-1,9784065400487,720,42728-11,2025/08/23,,許諾,他,0
B1,波のしじまのホリゾント,小学館,小川麻衣子,,5,,,,164513,1,46,,164513,B1,波のしじまのホリゾント,,ナミノシジマノホリゾント,小学館,ショウガクカン,小川麻衣子,オガワマイコ,,,ゲッサン少年サンデーコミックススペシャル,ゲッサン,連載中,1,2023/09/12,4-09-852780-4,9784098527809,650,58527-80,2023/10/12,,許諾,他,0
B1,ちいさな君と、こえを遠くに,講談社,くうねりん,,3,,,,166998,1,47,,166998,B1,ちいさな君と、こえを遠くに,,チイサナキミトコエヲトオクニ,講談社,コウダンシャ,くうねりん,クウネリン,ツカサ,原作,シリウスＫＣ,,,1,2024/04/09,4-06-534785-8,9784065347850,690,42847-09,2024/05/09,,許諾,他,0
B1,ＯＨＭＹＧＯＤ,集英社,反田背骨,,5,,,,162805,1,48,,162805,B1,ＯＨＭＹＧＯＤ,,オーマイゴッド,集英社,シュウエイシャ,反田背骨,ハンダセボネ,,,ヤングジャンプコミックス,,,1,2023/05/19,4-08-892593-9,9784088925936,680,44299-93,2023/06/19,,許諾,他,0
B1,プラネットガール,小学館,大石日々,,3,,,,146512,1,49,,146512,B1,プラネットガール,,プラネットガール,小学館,ショウガクカン,大石日々,オオイシヒビ,,,ビッグコミックス,月刊スピリッツ,連載中,1,2019/11/12,4-09-860479-5,9784098604791,591,58604-79,2019/12/12,,許諾,他,0
B1,さよならダイヤモンド,小学館,蛭塚都,,5,,,,169663,1,50,,169663,B1,さよならダイヤモンド,,サヨナラダイヤモンド,小学館,ショウガクカン,蛭塚都,ヒルヅカミヤコ,,,ビッグコミックス,ビッグコミックスピリッツ,,1,2024/11/28,4-09-863098-2,9784098630981,700,58630-98,2024/12/28,,許諾,他,0
B1,ノーサイドクエスト,芳文社,好本拓朗,,5,,,,149699,1,51,,149699,B1,ノーサイドクエスト,,ノーサイドクエスト,芳文社,ホウブンシャ,好本拓朗,ヨシモトタクロウ,,,芳文社コミックス,週刊漫画ＴＩＭＥＳ,,1,2020/07/16,4-8322-3757-8,9784832237575,620,50530-68,2020/08/16,,許諾,他,0
B1,龍神の娘,スクウェア・エニックス,越田うめ,,3,,,,167717,1,52,,167717,B1,龍神の娘,,リュウジンノムスメ,スクウェア・エニックス,スクウェアエニックス,越田うめ,コシダウメ,,,ガンガンコミックス,少年ガンガン,連載中,1,2024/06/12,4-7575-9242-6,9784757592421,700,48172-84,2024/07/12,,許諾,他,0
B1,サラセニア,小学館,九駄礁太,,5,,,,168987,1,53,,168987,B1,サラセニア,,サラセニア,小学館,ショウガクカン,九駄礁太,クダショウタ,,,ビッグコミックス,ビッグコミックスペリオール,,1,2024/09/30,4-09-863030-3,9784098630301,700,58630-30,2024/10/30,,許諾,他,0
B1,永久のユウグレ,講談社,濱田一,,3,,,,174754,1,54,,174754,B1,永久のユウグレ,,トワノユウグレ,講談社,コウダンシャ,濱田一,ハマダイチ,ＰｒｏｊｅｃｔＦＴ,原作,ＫＣデラックス,,,1,2025/12/09,4-06-542119-5,9784065421192,720,46602-75,2026/01/09,,許諾,他,0
B1,珈琲のまずい極道喫茶店,ＫＡＤＯＫＡＷＡ（ＭＦ）,夏目巡,,3,,,,142829,1,55,,142829,B1,珈琲のまずい極道喫茶店,,コーヒーノマズイゴクドウキッサテン,ＫＡＤＯＫＡＷＡ（ＭＦ）,カドカワメディアファクトリー,夏目巡,ナツメジュン,,,ＢＲＩＤＧＥ　ＣＯＭＩＣＳ,,,1,2019/02/08,4-04-065456-0,9784040654560,650,201902-043,2019/03/08,2022/02/07,,他,0
B1,友達として大好き,講談社,ゆうち巳くみ,,3,,,,150559,1,56,,150559,B1,友達として大好き,,トモダチトシテダイスキ,講談社,コウダンシャ,ゆうち巳くみ,ユウチミクミ,,,アフタヌーンＫＣ,アフタヌーン,連載中,1,2020/10/23,4-06-520969-2,9784065209691,680,55740-11,2020/11/23,,許諾,他,0
B2,死ぬほど愛して,光文社,草壁エリザ,,5,,,,155359,1,57,,155359,B2,死ぬほど愛して,,シヌホドアイシテ,光文社,コウブンシャ,草壁エリザ,クサカベエリザ,天樹征丸,原作,光文社コミックス,女性自身,,1,2021/10/21,4-334-80820-4,9784334808204,800,42855-65,,,,他,0
B1,妻が好きすぎる夫,星雲社,まさぺこ,,3,,,,153503,1,58,,153503,B1,妻が好きすぎる夫,,ツマガスキスギルオット,星雲社,セイウンシャ,まさぺこ,マサペコ,,,アルファポリスＣＯＭＩＣＳ,,,1,2021/05/31,4-434-28897-0,9784434288975,680,202105-186,,,,他,0
B1,ウチは別れて暮らしてる,講談社,カワハラ恋,,3,,,,155238,1,59,,155238,B1,ウチは別れて暮らしてる,,ウチハワカレテクラシテル,講談社,コウダンシャ,カワハラ恋,カワハラレン,,,モーニング　ＫＣ,モーニング・ツー,,1,2021/10/21,4-06-524323-8,9784065243237,660,42707-68,2021/11/21,,許諾,他,0
S1,天地を喰らう,集英社,本宮ひろ志,,7,,,,51791,1,60,,51791,S1,天地を喰らう,,テンチヲクラウ,集英社,シュウエイシャ,本宮ひろ志,モトミヤヒロシ,,,ジャンプコミックス,週刊少年ジャンプ,,1,1984/01/10,4-08-851621-4,9784088516219,360,43018-14,2006/01/01,,許諾,SZ,1405
B1,地獄の釜の蓋を開けろ,ＫＡＤＯＫＡＷＡ（角川）,鬼頭えん,,3,,,,138596,1,61,,138596,B1,地獄の釜の蓋を開けろ,,ジゴクノカマノフタヲアケロ,ＫＡＤＯＫＡＷＡ（角川）,カドカワカドカワショテン,鬼頭えん,キトウエン,,,カドカワコミックスＡエース,,,1,2018/04/02,4-04-106698-0,9784041066980,580,201804-004,2018/05/04,2021/04/03,,他,29401
B1,コスモファミリア＊,芳文社,ハノカゲ,,3,,,,139754,1,62,,139754,B1,コスモファミリア＊,,コスモファミリア,芳文社,ホウブンシャ,ハノカゲ,ハノカゲ,,,まんがタイムＫＲコミックス　フォワードシリーズ,,,1,2018/06/12,4-8322-4953-3,9784832249530,590,52284-67,2018/07/12,,許諾,他,29956
S1,キャプテン翼 ＢＯＹＳ ＤＲＥＡＭ,集英社,戸田邦和,,3,,,,164693,1,63,,164693,S1,キャプテン翼 ＢＯＹＳ ＤＲＥＡＭ,,ｷｬﾌﾟﾃﾝﾂﾊﾞｻﾎﾞｰｲｽﾞﾄﾞﾘｰﾑ,集英社,シュウエイシャ,戸田邦和,トダクニカズ,高橋陽一,原作,ジャンプコミックス,,,1,2023/10/04,4-08-883743-6,9784088837437,480,43347-43,2023/11/04,,許諾,他,0
B1,恋する２ＤＫ、あやかし前妻憑き。,ＫＡＤＯＫＡＷＡ（角川）,作楽ロク,,3,,,,165645,1,64,,165645,B1,恋する２ＤＫ、あやかし前妻憑き。,,コイスルニディーケーアヤカシゼンサイツキ,ＫＡＤＯＫＡＷＡ（角川）,カドカワカドカワショテン,作楽ロク,サクラロク,,,カドカワコミックスＡ,ヤングエース,連載中,1,2023/12/01,4-04-114337-3,9784041143377,680,202312-078,2024/01/04,2026/12/03,許諾,他,0
B1,ビリオンダラー・スレイブ,講談社,マキマヨ,,4,,,,166608,1,65,,166608,B1,ビリオンダラー・スレイブ,,ビリオンダラースレイブ,講談社,コウダンシャ,マキマヨ,マキマヨ,ＧｏＲＡ,原作,シリウスＫＣ,,,1,2024/03/08,4-06-535043-3,9784065350430,690,42847-18,2024/04/08,,許諾,他,0
B1,ワレワレハ,講談社,松枝穂積,,4,,,,168034,1,66,,168034,B1,ワレワレハ,,ワレワレハ,講談社,コウダンシャ,松枝穂積,マツエダホヅミ,,,アフタヌーンＫＣ,ｇｏｏｄ！アフタヌーン,連載中,1,2024/07/05,4-06-535757-8,9784065357576,690,55746-72,2024/08/05,,許諾,他,0
S1,Ｑ．Ｅ．Ｄ．ＵＮＩＶ． －証明終了－,講談社,加藤元浩,,4,,,,173177,1,67,,173177,S1,Ｑ．Ｅ．Ｄ．ＵＮＩＶ． －証明終了－,,キューイーディーショウメイシュウリョウユニバーシティ,講談社,コウダンシャ,加藤元浩,カトウモトヒロ,,,講談社コミックス月刊マガジン,,,1,2025/08/12,4-06-540383-9,9784065403839,540,41785-95,2025/09/12,,許諾,他,0
B1,エリート,秋田書店,阿部秀司,,4,,,,170861,1,68,,170861,B1,エリート,,エリート,秋田書店,アキタショテン,阿部秀司,アベシュウジ,吉永啓之輔,原作,チャンピオンＲＥＤコミックス,,,1,2025/02/19,4-253-32157-7,9784253321570,690,44952-34,2025/03/19,,許諾,他,0
S2,ポンポコロボ アト＆スゥ,小学館,篠塚ひろむ,,4,,,,154995,1,69,,154995,S2,ポンポコロボ アト＆スゥ,,ポンポコロボアトアンドスゥ,小学館,ショウガクカン,篠塚ひろむ,シノヅカヒロム,,,ちゃおコミックス,ちゃお,,1,2021/09/24,4-09-871485-X,9784098714858,440,58714-85,2021/10/24,,許諾,他,0
B1,懐かしく思う君は誰,講談社,濱田一,,3,,,,166993,1,70,,166993,B1,懐かしく思う君は誰,,ナツカシクオモウキミハダレ,講談社,コウダンシャ,濱田一,ハマダイチ,染谷リキ,原作,ＫＣデラックス,,,1,2024/04/09,4-06-535166-9,9784065351666,690,46592-19,2024/05/09,,許諾,他,0
B1,ゲッターロボ 牌,竹書房,ドリル汁,,3,,,,135295,1,71,,135295,B1,ゲッターロボ 牌,,ゲッターロボハイ,竹書房,タケショボウ,ドリル汁,ドリルジル,永井豪他,原作,近代麻雀コミックス,近代麻雀,,1,2017/08/12,4-8019-6013-8,9784801960138,650,57575-54,,,,他,27773
B1,お見合いにすごいコミュ症が来た,ＫＡＤＯＫＡＷＡ（ＡＭＷ）,矢野としたか,,3,,,,166343,1,72,,166343,B1,お見合いにすごいコミュ症が来た,,オミアイニスゴイコミュショウガキタ,ＫＡＤＯＫＡＷＡ（ＡＭＷ）,カドカワアスキーメディアワークス,矢野としたか,ヤノトシタカ,,,電撃コミックスＮＥＸＴ,電撃大王,連載中,1,2024/02/26,4-04-915540-0,9784049155402,690,202402-227,,,,他,0
B1,断罪六区,講談社,ののやまさき,,3,,,,161035,1,73,,161035,B1,断罪六区,,ダンザイロック,講談社,コウダンシャ,ののやまさき,ノノヤマサキ,小林靖子,原作,モーニング　ＫＣ,,,1,2023/01/23,4-06-530579-9,9784065305799,660,42713-21,2023/02/23,,許諾,他,0
B1,公事師の弁,小学館,星野泰視,,4,,,,173358,1,74,,173358,B1,公事師の弁,,クジシノベン,小学館,ショウガクカン,星野泰視,ホシノヤスシ,田島隆,原作,ビッグコミックス,ビッグコミックオリジナル,連載中,1,2025/08/29,4-09-863528-3,9784098635283,700,58635-28,2025/09/29,,許諾,他,0
B1,悪の組織の求人広告,秋田書店,優輝光太朗,,3,,,,167754,1,75,,167754,B1,悪の組織の求人広告,,アクノソシキノキュウジンコウコク,秋田書店,アキタショテン,優輝光太朗,ユウキコウタロウ,喜友名トト,原作,ヤングチャンピオン・コミックス,,,1,2024/06/27,4-253-31301-9,9784253313018,690,56035-29,2024/07/27,,許諾,他,0
B1,イマニン,集英社,安藤コウヘイ,,3,,,,172012,1,76,,172012,B1,イマニン,,イマニン,集英社,シュウエイシャ,安藤コウヘイ,アンドウコウヘイ,馬渕朝子,原作,ジャンプコミックス,,,1,2025/05/02,4-08-884522-6,9784088845227,700,43361-22,2025/06/02,,許諾,他,0
B1,最後のレストラン Ｄａｎｔｅ,新潮社,藤栄道彦,,5,,,,170240,1,77,,170240,B1,最後のレストラン Ｄａｎｔｅ,,サイゴノレストランダンテ,新潮社,シンチョウシャ,藤栄道彦,フジエイミチヒコ,,,バンチコミックス,,,1,2024/12/09,4-10-772771-8,9784107727718,720,47570-14,2025/01/09,,許諾,他,0
B1,金属スライムを倒しまくった俺が【黒鋼の王】と呼ばれるまで,ＫＡＤＯＫＡＷＡ（ＡＭＷ）,藤屋いずこ,,4,,,,167510,1,78,,167510,B1,金属スライムを倒しまくった俺が【黒鋼の王】と呼ばれるまで,,キンゾクスライムヲタオシマクッタオレガクロガネノオウトヨバレルマデ,ＫＡＤＯＫＡＷＡ（ＡＭＷ）,カドカワアスキーメディアワークス,藤屋いずこ,フジヤイズコ,温泉カピバラ,原作,電撃コミックスＮＥＸＴ,,,1,2024/05/27,4-04-915689-X,9784049156898,690,202405-061,2024/06/27,2027/05/26,許諾,他,0
B1,ビターエンドロール,講談社,佐倉旬,,3,,,,154848,1,79,,154848,B1,ビターエンドロール,,ビターエンドロール,講談社,コウダンシャ,佐倉旬,サクラシュン,,,アフタヌーンＫＣ,アフタヌーン,,1,2021/09/22,4-06-524904-X,9784065249048,680,55741-87,2021/10/22,,許諾,他,0
B1,魔法少女ホロウィッチ！,集英社,伊藤星一,,3,,,,173160,1,80,,173160,B1,魔法少女ホロウィッチ！,,マホウショウジョホロウィッチ,集英社,シュウエイシャ,伊藤星一,イトウセイイチ,カバー株式会社,原作,ヤングジャンプコミックス,ウルトラジャンプ,,1,2025/08/19,4-08-893560-8,9784088935607,1000,44309-60,2025/09/19,,許諾,他,0
S1,ヘッポコ勇者に戦略を,講談社,悪介,,3,,,,138185,1,81,,138185,S1,ヘッポコ勇者に戦略を,,ヘッポコユウシャニセンリャクヲ,講談社,コウダンシャ,悪介,ワルスケ,中村力斗,原作,週マガＫＣ,,,1,2018/03/09,4-06-511214-1,9784065112144,440,42289-80,2018/04/09,,許諾,他,29359
B1,大海に響くコール,小学館,遊維,,4,,,,167853,1,82,,167853,B1,大海に響くコール,,タイカイニヒビクコ－ル,小学館,ショウガクカン,遊維,ユウイ,,,ゲッサン少年サンデーコミックススペシャル,ゲッサン,連載中,1,2024/06/12,4-09-853406-1,9784098534067,720,58534-06,2024/07/12,,許諾,他,0
B1,いのちの食べ方,ＫＡＤＯＫＡＷＡ（ＭＦ）,ゆとと,,4,,,,166787,1,83,,166787,B1,いのちの食べ方,,イノチノタベカタ,ＫＡＤＯＫＡＷＡ（ＭＦ）,カドカワメディアファクトリー,ゆとと,ユトト,十文字青,原作,ＭＦコミックスジーンシリーズ,コミックジーン,連載中,1,2024/03/26,4-04-683422-6,9784046834225,630,52679-16,,,,他,0
文庫,あばれ天童,講談社,横山光輝,,4,,,,91217,1,84,,91217,文庫,あばれ天童,,アバレテンドウ,講談社,コウダンシャ,横山光輝,ヨコヤマミツテル,,,講談社漫画文庫,,,1,2003/05/09,4-06-360549-3,9784063605495,700,,2006/12/01,2020/04/27,,他,0
B1,パンクガン,集英社,沖尚樹,,5,,,,173974,1,85,,173974,B1,パンクガン,,パンクガン,集英社,シュウエイシャ,沖尚樹,オキナオキ,,,ヤングジャンプコミックス,ヤングジャンプ,連載中,1,2025/10/17,4-08-894004-0,9784088940045,720,44366-04,2025/11/17,,許諾,他,0
B1,西遊妖猿伝 西域篇 火焔山の章,講談社,諸星大二郎,,4,,,,149400,1,86,,149400,B1,西遊妖猿伝 西域篇 火焔山の章,,サイユウヨウエンデンセイイキヘンカエンザンノショウ,講談社,コウダンシャ,諸星大二郎,モロホシダイジロウ,,,モーニング　ＫＣ,モーニング・ツー,連載中,1,2020/07/20,4-06-519018-5,9784065190180,760,42702-04,2020/08/20,,許諾,他,0
B2,やじきた異世界道中記,秋田書店,市東亮子,,5,,,,167410,1,87,,167410,B2,やじきた異世界道中記,,ヤジキタイセカイドウチュウキ,秋田書店,アキタショテン,市東亮子,シトウリョウコ,,,ボニータ・コミックス,,,1,2024/05/16,4-253-26564-2,9784253265645,660,40531-69,2024/06/16,,許諾,他,0
B1,陰の実力者になりたくて！マスターオブガーデン～七陰列伝～,ＫＡＤＯＫＡＷＡ（角川）,ｋａｎｃｏ,,4,,,,169769,1,88,,169769,B1,陰の実力者になりたくて！マスターオブガーデン～七陰列伝～,,カゲノジツリョクシャニナリタクテマスターオブガーデンシチカゲレツデン,ＫＡＤＯＫＡＷＡ（角川）,カドカワカドカワショテン,ｋａｎｃｏ,カンコ,逢沢大介,原作,カドカワコミックスＡ,,,1,2024/11/22,4-04-115577-0,9784041155776,680,202411-199,,,,他,0
S2,恋だの愛だの～君は僕の太陽だ～,白泉社,辻田りり子,,3,,,,167393,1,89,,167393,S2,恋だの愛だの～君は僕の太陽だ～,,コイダノアイダノキミハボクノタイヨウダ,白泉社,ハクセンシャ,辻田りり子,ツジタリリコ,,,花とゆめコミックス,ララ,,1,2024/05/02,4-592-22175-3,9784592221753,480,43869-18,2024/06/02,,許諾,他,0
S1,バイロケーターズ,小学館,田辺狭介,,4,,,,154627,1,90,,154627,S1,バイロケーターズ,,バイロケーターズ,小学館,ショウガクカン,田辺狭介,タナベキョウスケ,,,少年サンデーコミックス,週刊少年サンデー,,1,2021/08/18,4-09-850662-9,9784098506620,454,58506-62,2021/09/18,,許諾,他,0
S2,王様たちはあの子に夢中,集英社,星見ＳＫ,,3,,,,169996,1,91,,169996,S2,王様たちはあの子に夢中,,オウサマタチハアノコニムチュウ,集英社,シュウエイシャ,星見ＳＫ,ホシミエスケー,,,マーガレットコミックス,別冊マーガレット,連載中,1,2024/12/24,4-08-843085-9,9784088430850,520,43450-85,2025/01/24,,許諾,他,0
B1,数字で救う！ 弱小国家,ＫＡＤＯＫＡＷＡ（ＭＦ）,えかきびと,,6,,,,147207,1,92,,147207,B1,数字で救う！ 弱小国家,,スウジデスクウジャクショウコッカ,ＫＡＤＯＫＡＷＡ（ＭＦ）,カドカワメディアファクトリー,えかきびと,エカキビト,長田信織,原作,ＭＦコミックスアライブシリーズ,アライブ,連載中,1,2020/01/23,4-04-064300-3,9784040643007,600,52673-50,2020/02/23,2026/01/22,,他,0
B1,ルナティック・テラポップ,集英社,橋田久弥,,4,,,,169983,1,93,,169983,B1,ルナティック・テラポップ,,ルナティックテラポップ,集英社,シュウエイシャ,橋田久弥,ハシダヒサヤ,,,ジャンプコミックス,,,1,2024/12/04,4-08-884350-9,9784088843506,700,43359-50,2025/01/04,,許諾,他,0
S1,ヴァンデッド,講談社,四隅ノマド,,3,,,,170005,1,94,,170005,S1,ヴァンデッド,,ヴァンデッド,講談社,コウダンシャ,四隅ノマド,ヨスミノマド,,,講談社コミックス,,,1,2024/12/09,4-06-537755-2,9784065377550,540,42169-58,2025/01/09,,許諾,他,0
