連番,登録ＣＤ,結果,快活並び,1巻ISBN,ＪＡＮ,コNo,ジャンル,タイトル,巻,完,出版社,著者,シリーズ,コメント
1,4-09-180071-8,,164,4-09-180071-8,9784091800718,5093,B1,のたり松太郎,1,,小学館,ちばてつや,ビッグコミックス,
2,4-09-180072-6,,163,4-09-180071-8,9784091800725,5093,B1,のたり松太郎,2,,小学館,ちばてつや,ビッグコミックス,
3,4-09-180073-4,,162,4-09-180071-8,9784091800732,5093,B1,のたり松太郎,3,,小学館,ちばてつや,ビッグコミックス,
4,4-09-180074-2,,161,4-09-180071-8,9784091800749,5093,B1,のたり松太郎,4,,小学館,ちばてつや,ビッグコミックス,
5,4-09-180075-0,,160,4-09-180071-8,9784091800756,5093,B1,のたり松太郎,5,,小学館,ちばてつや,ビッグコミックス,
6,4-09-180076-9,,159,4-09-180071-8,9784091800763,5093,B1,のたり松太郎,6,,小学館,ちばてつや,ビッグコミックス,
7,4-09-180077-7,,158,4-09-180071-8,9784091800770,5093,B1,のたり松太郎,7,,小学館,ちばてつや,ビッグコミックス,
8,4-09-180078-5,,157,4-09-180071-8,9784091800787,5093,B1,のたり松太郎,8,,小学館,ちばてつや,ビッグコミックス,
9,4-09-180079-3,,156,4-09-180071-8,9784091800794,5093,B1,のたり松太郎,9,,小学館,ちばてつや,ビッグコミックス,
10,4-09-180080-7,,155,4-09-180071-8,9784091800800,5093,B1,のたり松太郎,10,,小学館,ちばてつや,ビッグコミックス,
11,4-09-180221-4,,154,4-09-180071-8,9784091802217,5093,B1,のたり松太郎,11,,小学館,ちばてつや,ビッグコミックス,
12,4-09-180222-2,,153,4-09-180071-8,9784091802224,5093,B1,のたり松太郎,12,,小学館,ちばてつや,ビッグコミックス,
13,4-09-180223-0,,152,4-09-180071-8,9784091802231,5093,B1,のたり松太郎,13,,小学館,ちばてつや,ビッグコミックス,
14,4-09-180224-9,,151,4-09-180071-8,9784091802248,5093,B1,のたり松太郎,14,,小学館,ちばてつや,ビッグコミックス,
15,4-09-180225-7,,150,4-09-180071-8,9784091802255,5093,B1,のたり松太郎,15,,小学館,ちばてつや,ビッグコミックス,
16,4-09-180226-5,,149,4-09-180071-8,9784091802262,5093,B1,のたり松太郎,16,,小学館,ちばてつや,ビッグコミックス,
17,4-09-180227-3,,148,4-09-180071-8,9784091802279,5093,B1,のたり松太郎,17,,小学館,ちばてつや,ビッグコミックス,
18,4-09-180228-1,,147,4-09-180071-8,9784091802286,5093,B1,のたり松太郎,18,,小学館,ちばてつや,ビッグコミックス,
19,4-09-180229-X,,146,4-09-180071-8,9784091802293,5093,B1,のたり松太郎,19,,小学館,ちばてつや,ビッグコミックス,
20,4-09-180230-3,,145,4-09-180071-8,9784091802309,5093,B1,のたり松太郎,20,,小学館,ちばてつや,ビッグコミックス,
21,4-09-180871-9,,144,4-09-180071-8,9784091808714,5093,B1,のたり松太郎,21,,小学館,ちばてつや,ビッグコミックス,
22,4-09-180872-7,,143,4-09-180071-8,9784091808721,5093,B1,のたり松太郎,22,,小学館,ちばてつや,ビッグコミックス,
23,4-09-180873-5,,142,4-09-180071-8,9784091808738,5093,B1,のたり松太郎,23,,小学館,ちばてつや,ビッグコミックス,
24,4-09-180874-3,,141,4-09-180071-8,9784091808745,5093,B1,のたり松太郎,24,,小学館,ちばてつや,ビッグコミックス,
25,4-09-180875-1,,140,4-09-180071-8,9784091808752,5093,B1,のたり松太郎,25,,小学館,ちばてつや,ビッグコミックス,
26,4-09-180876-X,,139,4-09-180071-8,9784091808769,5093,B1,のたり松太郎,26,,小学館,ちばてつや,ビッグコミックス,
27,4-09-180877-8,,138,4-09-180071-8,9784091808776,5093,B1,のたり松太郎,27,,小学館,ちばてつや,ビッグコミックス,
28,4-09-180878-6,,137,4-09-180071-8,9784091808783,5093,B1,のたり松太郎,28,,小学館,ちばてつや,ビッグコミックス,
29,4-09-180879-4,,136,4-09-180071-8,9784091808790,5093,B1,のたり松太郎,29,,小学館,ちばてつや,ビッグコミックス,
30,4-09-180880-8,,135,4-09-180071-8,9784091808806,5093,B1,のたり松太郎,30,,小学館,ちばてつや,ビッグコミックス,
31,4-09-185081-2,,134,4-09-180071-8,9784091850812,5093,B1,のたり松太郎,31,,小学館,ちばてつや,ビッグコミックス,
32,4-09-185082-0,,133,4-09-180071-8,9784091850829,5093,B1,のたり松太郎,32,,小学館,ちばてつや,ビッグコミックス,
33,4-09-185083-9,,132,4-09-180071-8,9784091850836,5093,B1,のたり松太郎,33,,小学館,ちばてつや,ビッグコミックス,
34,4-09-185084-7,,131,4-09-180071-8,9784091850843,5093,B1,のたり松太郎,34,,小学館,ちばてつや,ビッグコミックス,
35,4-09-185085-5,,130,4-09-180071-8,9784091850850,5093,B1,のたり松太郎,35,,小学館,ちばてつや,ビッグコミックス,
36,4-09-185086-3,,129,4-09-180071-8,9784091850867,5093,B1,のたり松太郎,36,完,小学館,ちばてつや,ビッグコミックス,
37,4-08-843085-9,,55,4-08-843085-9,9784088430850,169996,S2,王様たちはあの子に夢中,1,,集英社,星見ＳＫ,マーガレットコミックス,
38,4-08-843127-8,,54,4-08-843085-9,9784088431277,169996,S2,王様たちはあの子に夢中,2,,集英社,星見ＳＫ,マーガレットコミックス,
39,4-08-843168-5,,53,4-08-843085-9,9784088431680,169996,S2,王様たちはあの子に夢中,3,,集英社,星見ＳＫ,マーガレットコミックス,
40,4-04-115577-0,,270,4-04-115577-0,9784041155776,169769,B1,陰の実力者になりたくて！マスターオブガーデン～七陰列伝～,1,,角川書店,ｋａｎｃｏ,カドカワコミックスＡ,
41,4-04-116208-4,,269,4-04-115577-0,9784041162088,169769,B1,陰の実力者になりたくて！マスターオブガーデン～七陰列伝～,2,,角川書店,ｋａｎｃｏ,カドカワコミックスＡ,
42,4-04-117073-7,,268,4-04-115577-0,9784041170731,169769,B1,陰の実力者になりたくて！マスターオブガーデン～七陰列伝～,3,,角川書店,ｋａｎｃｏ,カドカワコミックスＡ,
43,4-04-117675-1,,267,4-04-115577-0,9784041176757,169769,B1,陰の実力者になりたくて！マスターオブガーデン～七陰列伝～,4,,角川書店,ｋａｎｃｏ,カドカワコミックスＡ,
44,4-592-23072-8,,62,4-592-23072-8,9784592230724,172040,S2,昏姫と恋烏,1,,白泉社,大宙晃,花とゆめコミックス,
45,4-592-23095-7,,61,4-592-23072-8,9784592230953,172040,S2,昏姫と恋烏,2,,白泉社,大宙晃,花とゆめコミックス,
46,4-592-23125-2,,60,4-592-23072-8,9784592231257,172040,S2,昏姫と恋烏,3,完,白泉社,大宙晃,花とゆめコミックス,
47,4-06-524224-X,,195,4-06-524224-X,9784065242247,154465,B1,銀河のカーテンコール,1,,講談社,北駒生,モーニング　ＫＣ,
48,4-06-527151-7,,194,4-06-524224-X,9784065271513,154465,B1,銀河のカーテンコール,2,,講談社,北駒生,モーニング　ＫＣ,
49,4-06-530775-9,,193,4-06-524224-X,9784065307755,154465,B1,銀河のカーテンコール,3,完,講談社,北駒生,モーニング　ＫＣ,
50,4-253-32055-4,,252,4-253-32055-4,9784253320559,168891,B1,あと３６５日の晩餐,1,,秋田書店,半月板損傷,チャンピオンＲＥＤコミックス,
51,4-253-32056-2,,251,4-253-32055-4,9784253320566,168891,B1,あと３６５日の晩餐,2,,秋田書店,半月板損傷,チャンピオンＲＥＤコミックス,
52,4-253-00997-2,,250,4-253-32055-4,9784253009973,168891,B1,あと３６５日の晩餐,3,,秋田書店,半月板損傷,チャンピオンＲＥＤコミックス,
53,4-06-511895-6,,213,4-06-511895-6,9784065118955,139447,B1,仮面ライダーアマゾンズ外伝 蛍火,1,,講談社,真じろう,モーニングＫＣ,
54,4-06-514289-X,,212,4-06-511895-6,9784065142899,139447,B1,仮面ライダーアマゾンズ外伝 蛍火,2,,講談社,真じろう,モーニングＫＣ,
55,4-06-516017-0,,211,4-06-511895-6,9784065160176,139447,B1,仮面ライダーアマゾンズ外伝 蛍火,3,,講談社,真じろう,モーニングＫＣ,
56,4-06-518065-1,,210,4-06-511895-6,9784065180655,139447,B1,仮面ライダーアマゾンズ外伝 蛍火,4,,講談社,真じろう,モーニングＫＣ,
57,4-06-519748-1,,209,4-06-511895-6,9784065197486,139447,B1,仮面ライダーアマゾンズ外伝 蛍火,5,,講談社,真じろう,モーニングＫＣ,
58,4-04-683120-0,,367,4-04-683120-0,9784046831200,165673,B1,チグハグトリック,1,,メディアファクトリー,川上三塁手,ＭＦＣ,
59,4-04-683833-7,,366,4-04-683120-0,9784046838339,165673,B1,チグハグトリック,2,,メディアファクトリー,川上三塁手,ＭＦＣ,
60,4-04-684378-0,,365,4-04-683120-0,9784046843784,165673,B1,チグハグトリック,3,,メディアファクトリー,川上三塁手,ＭＦＣ,
61,4-7575-9242-6,,313,4-7575-9242-6,9784757592421,167717,B1,龍神の娘,1,,スクウェア・エニックス,越田うめ,ガンガンコミックス,
62,4-7575-9890-4,,312,4-7575-9242-6,9784757598904,167717,B1,龍神の娘,2,,スクウェア・エニックス,越田うめ,ガンガンコミックス,
63,4-301-00635-4,,311,4-7575-9242-6,9784301006350,167717,B1,龍神の娘,3,,スクウェア・エニックス,越田うめ,ガンガンコミックス,
64,4-04-683422-6,,374,4-04-683422-6,9784046834225,166787,B1,いのちの食べ方,1,,メディアファクトリー,ゆとと,ＭＦコミックスジーンシリーズ,
65,4-04-684084-6,,373,4-04-683422-6,9784046840844,166787,B1,いのちの食べ方,2,,メディアファクトリー,ゆとと,ＭＦコミックスジーンシリーズ,
66,4-04-685432-4,,372,4-04-683422-6,9784046854322,166787,B1,いのちの食べ方,3,,メディアファクトリー,ゆとと,ＭＦコミックスジーンシリーズ,
67,4-04-660449-2,,371,4-04-683422-6,9784046604491,166787,B1,いのちの食べ方,4,,メディアファクトリー,ゆとと,ＭＦコミックスジーンシリーズ,
68,4-09-125365-2,,23,4-09-125365-2,9784091253651,121023,S1,ＥとＴ。～えいがとてんし。～,1,,小学館,猫砂一平,少年サンデーコミックス,
69,4-09-125679-1,,22,4-09-125365-2,9784091256799,121023,S1,ＥとＴ。～えいがとてんし。～,2,,小学館,猫砂一平,少年サンデーコミックス,
70,4-09-126216-3,,21,4-09-125365-2,9784091262165,121023,S1,ＥとＴ。～えいがとてんし。～,3,完,小学館,猫砂一平,少年サンデーコミックス,
71,4-08-884522-6,,86,4-08-884522-6,9784088845227,172012,B1,イマニン,1,,集英社,安藤コウヘイ,ジャンプコミックス,
72,4-08-884645-1,,85,4-08-884522-6,9784088846453,172012,B1,イマニン,2,,集英社,安藤コウヘイ,ジャンプコミックス,
73,4-08-884856-X,,84,4-08-884522-6,9784088848563,172012,B1,イマニン,3,,集英社,安藤コウヘイ,ジャンプコミックス,
74,4-09-852780-4,,123,4-09-852780-4,9784098527809,164513,B1,波のしじまのホリゾント,1,,小学館,小川麻衣子,ゲッサン少年サンデーコミックススペシャル,
75,4-09-853187-9,,122,4-09-852780-4,9784098531875,164513,B1,波のしじまのホリゾント,2,,小学館,小川麻衣子,ゲッサン少年サンデーコミックススペシャル,
76,4-09-853693-5,,121,4-09-852780-4,9784098536931,164513,B1,波のしじまのホリゾント,3,,小学館,小川麻衣子,ゲッサン少年サンデーコミックススペシャル,
77,4-09-854187-4,,120,4-09-852780-4,9784098541874,164513,B1,波のしじまのホリゾント,4,,小学館,小川麻衣子,ゲッサン少年サンデーコミックススペシャル,
78,4-09-854548-9,,119,4-09-852780-4,9784098545483,164513,B1,波のしじまのホリゾント,5,,小学館,小川麻衣子,ゲッサン少年サンデーコミックススペシャル,
79,4-7575-7324-3,,310,4-7575-7324-3,9784757573246,153716,B1,ニーナはパパを暗殺したい,1,,スクウェア・エニックス,キトラ,ＧＣＯ,
80,4-7575-7745-1,,309,4-7575-7324-3,9784757577459,153716,B1,ニーナはパパを暗殺したい,2,,スクウェア・エニックス,キトラ,ＧＣＯ,
81,4-7575-8080-0,,308,4-7575-7324-3,9784757580800,153716,B1,ニーナはパパを暗殺したい,3,完,スクウェア・エニックス,キトラ,ＧＣＯ,
82,4-344-85169-2,,295,4-344-85169-2,9784344851696,161117,B1,おせん 和な女,1,,幻冬舎,きくち正太,バーズコミックス,
83,4-344-85275-3,,294,4-344-85169-2,9784344852754,161117,B1,おせん 和な女,2,,幻冬舎,きくち正太,バーズコミックス,
84,4-344-85357-1,,293,4-344-85169-2,9784344853577,161117,B1,おせん 和な女,3,,幻冬舎,きくち正太,バーズコミックス,
85,4-344-85462-4,,292,4-344-85169-2,9784344854628,161117,B1,おせん 和な女,4,,幻冬舎,きくち正太,バーズコミックス,
86,4-344-85555-8,,291,4-344-85169-2,9784344855557,161117,B1,おせん 和な女,5,,幻冬舎,きくち正太,バーズコミックス,
87,4-344-85643-0,,290,4-344-85169-2,9784344856431,161117,B1,おせん 和な女,6,,幻冬舎,きくち正太,バーズコミックス,
88,4-344-85807-7,,289,4-344-85169-2,9784344858077,161117,B1,おせん 和な女,7,,幻冬舎,きくち正太,バーズコミックス,
89,4-06-524323-8,,192,4-06-524323-8,9784065243237,155238,B1,ウチは別れて暮らしてる,1,,講談社,カワハラ恋,モーニング　ＫＣ,
90,4-06-526998-9,,191,4-06-524323-8,9784065269985,155238,B1,ウチは別れて暮らしてる,2,,講談社,カワハラ恋,モーニング　ＫＣ,
91,4-06-528629-8,,190,4-06-524323-8,9784065286296,155238,B1,ウチは別れて暮らしてる,3,完,講談社,カワハラ恋,モーニング　ＫＣ,
92,4-08-843154-5,,52,4-08-843154-5,9784088431543,172748,S2,エールガール！,1,,集英社,田中ゆちあ,マーガレットコミックス,
93,4-08-843196-0,,51,4-08-843154-5,9784088431963,172748,S2,エールガール！,2,,集英社,田中ゆちあ,マーガレットコミックス,
94,4-08-843230-4,,50,4-08-843154-5,9784088432304,172748,S2,エールガール！,3,完,集英社,田中ゆちあ,マーガレットコミックス,
95,4-06-533402-0,,205,4-06-533402-0,9784065334027,164735,B1,カミガカリ,1,,講談社,子守ヒキ,ヤンマガＫＣスペシャル,
96,4-06-534265-1,,204,4-06-533402-0,9784065342657,164735,B1,カミガカリ,2,,講談社,子守ヒキ,ヤンマガＫＣスペシャル,
97,4-06-534950-8,,203,4-06-533402-0,9784065349502,164735,B1,カミガカリ,3,完,講談社,子守ヒキ,ヤンマガＫＣスペシャル,
98,4-537-14873-X,,347,4-537-14873-X,9784537148732,168688,B1,ニュークリア,1,,日本文芸社,木村航,ニチブンコミックス,
99,4-537-14926-4,,346,4-537-14873-X,9784537149265,168688,B1,ニュークリア,2,,日本文芸社,木村航,ニチブンコミックス,
100,4-537-14990-6,,345,4-537-14873-X,9784537149906,168688,B1,ニュークリア,3,,日本文芸社,木村航,ニチブンコミックス,
101,4-537-17270-3,,344,4-537-14873-X,9784537172706,168688,B1,ニュークリア,4,,日本文芸社,木村航,ニチブンコミックス,
102,4-537-17318-1,,343,4-537-14873-X,9784537173185,168688,B1,ニュークリア,5,,日本文芸社,木村航,ニチブンコミックス,
103,4-08-893643-4,,111,4-08-893643-4,9784088936437,172388,B1,これってハラスメントですか？,1,,集英社,Ｈｙｕｇａ,ヤングジャンプコミックス,
104,4-08-894019-9,,110,4-08-893643-4,9784088940199,172388,B1,これってハラスメントですか？,2,,集英社,Ｈｙｕｇａ,ヤングジャンプコミックス,
105,4-08-894096-2,,109,4-08-893643-4,9784088940960,172388,B1,これってハラスメントですか？,3,,集英社,Ｈｙｕｇａ,ヤングジャンプコミックス,
106,4-08-894249-3,,108,4-08-893643-4,9784088942490,172388,B1,これってハラスメントですか？,4,,集英社,Ｈｙｕｇａ,ヤングジャンプコミックス,
107,4-08-894371-6,,107,4-08-893643-4,9784088943718,172388,B1,これってハラスメントですか？,5,,集英社,Ｈｙｕｇａ,ヤングジャンプコミックス,
108,4-08-881816-4,,92,4-08-881816-4,9784088818160,143596,B1,開演のベルでおやすみ,1,,集英社,今越章了,ジャンプコミックス,
109,4-08-881842-3,,91,4-08-881816-4,9784088818429,143596,B1,開演のベルでおやすみ,2,,集英社,今越章了,ジャンプコミックス,
110,4-08-882189-0,,90,4-08-881816-4,9784088821894,143596,B1,開演のベルでおやすみ,3,,集英社,今越章了,ジャンプコミックス,
111,4-04-915540-0,,384,4-04-915540-0,9784049155402,166343,B1,お見合いにすごいコミュ症が来た,1,,アスキー・メディアワークス,矢野としたか,電撃コミックスＮＥＸＴ,
112,4-04-915883-3,,383,4-04-915540-0,9784049158830,166343,B1,お見合いにすごいコミュ症が来た,2,,アスキー・メディアワークス,矢野としたか,電撃コミックスＮＥＸＴ,
113,4-04-916244-X,,382,4-04-915540-0,9784049162448,166343,B1,お見合いにすごいコミュ症が来た,3,,アスキー・メディアワークス,矢野としたか,電撃コミックスＮＥＸＴ,
114,4-06-360549-3,,405,4-06-360549-3,9784063605495,91217,文庫,あばれ天童,1,,講談社,横山光輝,講談社漫画文庫,
115,4-06-360550-7,,404,4-06-360549-3,9784063605501,91217,文庫,あばれ天童,2,,講談社,横山光輝,講談社漫画文庫,
116,4-06-360551-5,,403,4-06-360549-3,9784063605518,91217,文庫,あばれ天童,3,,講談社,横山光輝,講談社漫画文庫,
117,4-06-360552-3,,402,4-06-360549-3,9784063605525,91217,文庫,あばれ天童,4,完,講談社,横山光輝,講談社漫画文庫,
118,4-06-537782-X,,202,4-06-537782-X,9784065377826,169597,B1,ＯＭＯＲＩ,1,,講談社,此糸縫,アフタヌーンＫＣ,
119,4-06-539467-8,,201,4-06-537782-X,9784065394670,169597,B1,ＯＭＯＲＩ,2,,講談社,此糸縫,アフタヌーンＫＣ,
120,4-06-541762-7,,200,4-06-537782-X,9784065417621,169597,B1,ＯＭＯＲＩ,3,,講談社,此糸縫,アフタヌーンＫＣ,
121,4-06-544521-3,,199,4-06-537782-X,9784065445211,169597,B1,ＯＭＯＲＩ,4,,講談社,此糸縫,アフタヌーンＫＣ,
122,4-06-524904-X,,208,4-06-524904-X,9784065249048,154848,B1,ビターエンドロール,1,,講談社,佐倉旬,アフタヌーンＫＣ,
123,4-06-527297-1,,207,4-06-524904-X,9784065272978,154848,B1,ビターエンドロール,2,,講談社,佐倉旬,アフタヌーンＫＣ,
124,4-06-529731-1,,206,4-06-524904-X,9784065297315,154848,B1,ビターエンドロール,3,完,講談社,佐倉旬,アフタヌーンＫＣ,
125,4-06-535757-8,,233,4-06-535757-8,9784065357576,168034,B1,ワレワレハ,1,,講談社,松枝穂積,アフタヌーンＫＣ,
126,4-06-539464-3,,232,4-06-535757-8,9784065394649,168034,B1,ワレワレハ,2,,講談社,松枝穂積,アフタヌーンＫＣ,
127,4-06-543256-1,,231,4-06-535757-8,9784065432563,168034,B1,ワレワレハ,3,,講談社,松枝穂積,アフタヌーンＫＣ,
128,4-06-545094-2,,230,4-06-535757-8,9784065450949,168034,B1,ワレワレハ,4,,講談社,松枝穂積,アフタヌーンＫＣ,
129,4-7575-9627-8,,317,4-7575-9627-8,9784757596276,170457,B1,憧れのメイドさんはタバコが似合う,1,,スクウェア・エニックス,嶋水えけ,ガンガンコミックスＪＯＫＥＲ,
130,4-7575-9628-6,,316,4-7575-9627-8,9784757596283,170457,B1,憧れのメイドさんはタバコが似合う,2,,スクウェア・エニックス,嶋水えけ,ガンガンコミックスＪＯＫＥＲ,
131,4-7575-9906-4,,315,4-7575-9627-8,9784757599062,170457,B1,憧れのメイドさんはタバコが似合う,3,,スクウェア・エニックス,嶋水えけ,ガンガンコミックスＪＯＫＥＲ,
132,4-301-00588-9,,314,4-7575-9627-8,9784301005889,170457,B1,憧れのメイドさんはタバコが似合う,4,完,スクウェア・エニックス,嶋水えけ,ガンガンコミックスＪＯＫＥＲ,
133,4-06-538975-5,,180,4-06-538975-5,9784065389751,172396,B1,アクマでふけい！,1,,講談社,安部真弘,ヤンマガＫＣスペシャル,
134,4-06-540874-1,,179,4-06-538975-5,9784065408742,172396,B1,アクマでふけい！,2,,講談社,安部真弘,ヤンマガＫＣスペシャル,
135,4-06-541768-6,,178,4-06-538975-5,9784065417683,172396,B1,アクマでふけい！,3,完,講談社,安部真弘,ヤンマガＫＣスペシャル,
136,4-08-893560-8,,89,4-08-893560-8,9784088935607,173160,B1,魔法少女ホロウィッチ！,1,,集英社,伊藤星一,ヤングジャンプコミックス,
137,4-08-894011-3,,88,4-08-893560-8,9784088940113,173160,B1,魔法少女ホロウィッチ！,2,,集英社,伊藤星一,ヤングジャンプコミックス,
138,4-08-894145-4,,87,4-08-893560-8,9784088941455,173160,B1,魔法少女ホロウィッチ！,3,完,集英社,伊藤星一,ヤングジャンプコミックス,
139,4-08-894004-0,,97,4-08-894004-0,9784088940045,173974,B1,パンクガン,1,,集英社,沖尚樹,ヤングジャンプコミックス,
140,4-08-894063-6,,96,4-08-894004-0,9784088940632,173974,B1,パンクガン,2,,集英社,沖尚樹,ヤングジャンプコミックス,
141,4-08-894190-X,,95,4-08-894004-0,9784088941905,173974,B1,パンクガン,3,,集英社,沖尚樹,ヤングジャンプコミックス,
142,4-08-894232-9,,94,4-08-894004-0,9784088942322,173974,B1,パンクガン,4,,集英社,沖尚樹,ヤングジャンプコミックス,
143,4-08-894234-5,,93,4-08-894004-0,9784088942346,173974,B1,パンクガン,5,,集英社,沖尚樹,ヤングジャンプコミックス,
144,4-04-738228-0,,266,4-04-738228-0,9784047382282,170520,B1,ゆげたつらん,1,,エンターブレイン,遠浅よるべ,ビームコミックス,
145,4-04-738229-9,,265,4-04-738228-0,9784047382299,170520,B1,ゆげたつらん,2,,エンターブレイン,遠浅よるべ,ビームコミックス,
146,4-04-738493-3,,264,4-04-738228-0,9784047384934,170520,B1,ゆげたつらん,3,,エンターブレイン,遠浅よるべ,ビームコミックス,
147,4-06-523662-2,,189,4-06-523662-2,9784065236628,153677,B1,三千年目の神対応,1,,講談社,加藤文孝,ヤンマガＫＣスペシャル,
148,4-06-525097-8,,188,4-06-523662-2,9784065250976,153677,B1,三千年目の神対応,2,,講談社,加藤文孝,ヤンマガＫＣスペシャル,
149,4-06-526822-2,,187,4-06-523662-2,9784065268223,153677,B1,三千年目の神対応,3,完,講談社,加藤文孝,ヤンマガＫＣスペシャル,
150,4-592-22175-3,,65,4-592-22175-3,9784592221753,167393,S2,恋だの愛だの～君は僕の太陽だ～,1,,白泉社,辻田りり子,花とゆめコミックス,
151,4-592-22194-X,,64,4-592-22175-3,9784592221944,167393,S2,恋だの愛だの～君は僕の太陽だ～,2,,白泉社,辻田りり子,花とゆめコミックス,
152,4-592-22195-8,,63,4-592-22175-3,9784592221951,167393,S2,恋だの愛だの～君は僕の太陽だ～,3,完,白泉社,辻田りり子,花とゆめコミックス,
153,4-06-540383-9,,33,4-06-540383-9,9784065403839,173177,S1,Ｑ．Ｅ．Ｄ．ＵＮＩＶ． －証明終了－,1,,講談社,加藤元浩,講談社コミックス月刊マガジン,
154,4-06-541598-5,,32,4-06-540383-9,9784065415986,173177,S1,Ｑ．Ｅ．Ｄ．ＵＮＩＶ． －証明終了－,2,,講談社,加藤元浩,講談社コミックス月刊マガジン,
155,4-06-542981-1,,31,4-06-540383-9,9784065429815,173177,S1,Ｑ．Ｅ．Ｄ．ＵＮＩＶ． －証明終了－,3,,講談社,加藤元浩,講談社コミックス月刊マガジン,
156,4-06-544293-1,,30,4-06-540383-9,9784065442937,173177,S1,Ｑ．Ｅ．Ｄ．ＵＮＩＶ． －証明終了－,4,,講談社,加藤元浩,講談社コミックス月刊マガジン,
157,4-08-843044-1,,70,4-08-843044-1,9784088430447,168833,B2,花見小路北日記,1,,集英社,桃缶,マーガレットコミックス,
158,4-08-843110-3,,69,4-08-843044-1,9784088431109,168833,B2,花見小路北日記,2,,集英社,桃缶,マーガレットコミックス,
159,4-08-843149-9,,68,4-08-843044-1,9784088431499,168833,B2,花見小路北日記,3,,集英社,桃缶,マーガレットコミックス,
160,4-08-843238-X,,67,4-08-843044-1,9784088432380,168833,B2,花見小路北日記,4,,集英社,桃缶,マーガレットコミックス,
161,4-08-843274-6,,66,4-08-843044-1,9784088432748,168833,B2,花見小路北日記,5,,集英社,桃缶,マーガレットコミックス,
162,4-09-853406-1,,177,4-09-853406-1,9784098534067,167853,B1,大海に響くコール,1,,小学館,遊維,ゲッサン少年サンデーコミックススペシャル,
163,4-09-853741-9,,176,4-09-853406-1,9784098537419,167853,B1,大海に響くコール,2,,小学館,遊維,ゲッサン少年サンデーコミックススペシャル,
164,4-09-854258-7,,175,4-09-853406-1,9784098542581,167853,B1,大海に響くコール,3,,小学館,遊維,ゲッサン少年サンデーコミックススペシャル,
165,4-09-854547-0,,174,4-09-853406-1,9784098545476,167853,B1,大海に響くコール,4,,小学館,遊維,ゲッサン少年サンデーコミックススペシャル,
166,4-7859-7031-6,,298,4-7859-7031-6,9784785970314,155810,B1,恋するパンティストッキング,1,,少年画報社,ウシハシル,ＹＫコミックス,
167,4-7859-7205-X,,297,4-7859-7031-6,9784785972059,155810,B1,恋するパンティストッキング,2,,少年画報社,ウシハシル,ＹＫコミックス,
168,4-7859-7364-1,,296,4-7859-7031-6,9784785973643,155810,B1,恋するパンティストッキング,3,完,少年画報社,ウシハシル,ＹＫコミックス,
169,4-04-064300-3,,364,4-04-064300-3,9784040643007,147207,B1,数字で救う！ 弱小国家,1,,メディアファクトリー,えかきびと,ＭＦコミックスアライブシリーズ,
170,4-04-064739-4,,363,4-04-064300-3,9784040647395,147207,B1,数字で救う！ 弱小国家,2,,メディアファクトリー,えかきびと,ＭＦコミックスアライブシリーズ,
171,4-04-680190-5,,362,4-04-064300-3,9784046801906,147207,B1,数字で救う！ 弱小国家,3,,メディアファクトリー,えかきびと,ＭＦコミックスアライブシリーズ,
172,4-04-680465-3,,361,4-04-064300-3,9784046804655,147207,B1,数字で救う！ 弱小国家,4,,メディアファクトリー,えかきびと,ＭＦコミックスアライブシリーズ,
173,4-04-680947-7,,360,4-04-064300-3,9784046809476,147207,B1,数字で救う！ 弱小国家,5,,メディアファクトリー,えかきびと,ＭＦコミックスアライブシリーズ,
174,4-04-681522-1,,359,4-04-064300-3,9784046815224,147207,B1,数字で救う！ 弱小国家,6,,メディアファクトリー,えかきびと,ＭＦコミックスアライブシリーズ,
175,4-09-850662-9,,20,4-09-850662-9,9784098506620,154627,S1,バイロケーターズ,1,,小学館,田辺狭介,少年サンデーコミックス,
176,4-09-850725-0,,19,4-09-850662-9,9784098507252,154627,S1,バイロケーターズ,2,,小学館,田辺狭介,少年サンデーコミックス,
177,4-09-850873-7,,18,4-09-850662-9,9784098508730,154627,S1,バイロケーターズ,3,,小学館,田辺狭介,少年サンデーコミックス,
178,4-09-850874-5,,17,4-09-850662-9,9784098508747,154627,S1,バイロケーターズ,4,完,小学館,田辺狭介,少年サンデーコミックス,
179,4-7859-7845-7,,302,4-7859-7845-7,9784785978457,170624,B1,シリアルキラー異世界に降り立つ 異世界バトルロイヤル,1,,少年画報社,ヒロ,ＹＫコミックス,
180,4-7859-7954-2,,301,4-7859-7845-7,9784785979546,170624,B1,シリアルキラー異世界に降り立つ 異世界バトルロイヤル,2,,少年画報社,ヒロ,ＹＫコミックス,
181,4-7859-8108-3,,300,4-7859-7845-7,9784785981082,170624,B1,シリアルキラー異世界に降り立つ 異世界バトルロイヤル,3,,少年画報社,ヒロ,ＹＫコミックス,
182,4-7859-8257-8,,299,4-7859-7845-7,9784785982577,170624,B1,シリアルキラー異世界に降り立つ 異世界バトルロイヤル,4,,少年画報社,ヒロ,ＹＫコミックス,
183,4-253-29831-1,,255,4-253-29831-1,9784253298315,171649,B1,私たちはカケちがっている,1,,秋田書店,みなもと悠,少年チャンピオン・コミックス,
184,4-253-00439-3,,254,4-253-29831-1,9784253004398,171649,B1,私たちはカケちがっている,2,,秋田書店,みなもと悠,少年チャンピオン・コミックス,
185,4-253-01340-6,,253,4-253-29831-1,9784253013406,171649,B1,私たちはカケちがっている,3,,秋田書店,みなもと悠,少年チャンピオン・コミックス,
186,4-08-883743-6,,3,4-08-883743-6,9784088837437,164693,S1,キャプテン翼 ＢＯＹＳ ＤＲＥＡＭ,1,,集英社,戸田邦和,ジャンプコミックス,
187,4-08-884355-X,,2,4-08-883743-6,9784088843551,164693,S1,キャプテン翼 ＢＯＹＳ ＤＲＥＡＭ,2,,集英社,戸田邦和,ジャンプコミックス,
188,4-08-885029-7,,1,4-08-883743-6,9784088850290,164693,S1,キャプテン翼 ＢＯＹＳ ＤＲＥＡＭ,3,,集英社,戸田邦和,ジャンプコミックス,
189,4-06-533870-0,,36,4-06-533870-0,9784065338704,165521,S1,もののけの乱,1,,講談社,竹田陽介,講談社コミックス,
190,4-06-534576-6,,35,4-06-533870-0,9784065345764,165521,S1,もののけの乱,2,,講談社,竹田陽介,講談社コミックス,
191,4-06-535517-6,,34,4-06-533870-0,9784065355176,165521,S1,もののけの乱,3,,講談社,竹田陽介,講談社コミックス,
192,4-8019-6013-8,,342,4-8019-6013-8,9784801960138,135295,B1,ゲッターロボ 牌,1,,竹書房,ドリル汁,近代麻雀コミックス,
193,4-8019-6213-0,,341,4-8019-6013-8,9784801962132,135295,B1,ゲッターロボ 牌,2,,竹書房,ドリル汁,近代麻雀コミックス,
194,4-8019-6787-6,,340,4-8019-6013-8,9784801967878,135295,B1,ゲッターロボ 牌,3,完,竹書房,ドリル汁,近代麻雀コミックス,
195,4-06-534785-8,,198,4-06-534785-8,9784065347850,166998,B1,ちいさな君と、こえを遠くに,1,,講談社,くうねりん,シリウスＫＣ,
196,4-06-537021-3,,197,4-06-534785-8,9784065370216,166998,B1,ちいさな君と、こえを遠くに,2,,講談社,くうねりん,シリウスＫＣ,
197,4-06-539076-1,,196,4-06-534785-8,9784065390764,166998,B1,ちいさな君と、こえを遠くに,3,,講談社,くうねりん,シリウスＫＣ,
198,4-09-863528-3,,173,4-09-863528-3,9784098635283,173358,B1,公事師の弁,1,,小学館,星野泰視,ビッグコミックス,
199,4-09-863772-3,,172,4-09-863528-3,9784098637720,173358,B1,公事師の弁,2,,小学館,星野泰視,ビッグコミックス,
200,4-09-863888-6,,171,4-09-863528-3,9784098638888,173358,B1,公事師の弁,3,,小学館,星野泰視,ビッグコミックス,
201,4-09-864087-2,,170,4-09-863528-3,9784098640874,173358,B1,公事師の弁,4,,小学館,星野泰視,ビッグコミックス,
202,4-08-882825-9,,6,4-08-882825-9,9784088828251,155592,S1,ＡＵＲＯＲＡ ＮＯＤＥ,1,,集英社,箱いっせ,ジャンプコミックス,
203,4-08-883047-4,,5,4-08-882825-9,9784088830476,155592,S1,ＡＵＲＯＲＡ ＮＯＤＥ,2,,集英社,箱いっせ,ジャンプコミックス,
204,4-08-883239-6,,4,4-08-882825-9,9784088832395,155592,S1,ＡＵＲＯＲＡ ＮＯＤＥ,3,,集英社,箱いっせ,ジャンプコミックス,
205,4-06-519018-5,,242,4-06-519018-5,9784065190180,149400,B1,西遊妖猿伝 西域篇 火焔山の章,1,,講談社,諸星大二郎,モーニング　ＫＣ,
206,4-06-522125-0,,241,4-06-519018-5,9784065221259,149400,B1,西遊妖猿伝 西域篇 火焔山の章,2,,講談社,諸星大二郎,モーニング　ＫＣ,
207,4-06-525080-3,,240,4-06-519018-5,9784065250808,149400,B1,西遊妖猿伝 西域篇 火焔山の章,3,,講談社,諸星大二郎,モーニング　ＫＣ,
208,4-06-528651-4,,239,4-06-519018-5,9784065286517,149400,B1,西遊妖猿伝 西域篇 火焔山の章,4,,講談社,諸星大二郎,モーニング　ＫＣ,
209,4-253-29207-0,,260,4-253-29207-0,9784253292078,165153,B1,吹部やめたい萩野さん,1,,秋田書店,桃原,少年チャンピオン・コミックス,
210,4-253-29208-9,,259,4-253-29207-0,9784253292085,165153,B1,吹部やめたい萩野さん,2,,秋田書店,桃原,少年チャンピオン・コミックス,
211,4-253-29209-7,,258,4-253-29207-0,9784253292092,165153,B1,吹部やめたい萩野さん,3,,秋田書店,桃原,少年チャンピオン・コミックス,
212,4-253-29210-0,,257,4-253-29207-0,9784253292108,165153,B1,吹部やめたい萩野さん,4,,秋田書店,桃原,少年チャンピオン・コミックス,
213,4-253-29771-4,,256,4-253-29207-0,9784253297714,165153,B1,吹部やめたい萩野さん,5,完,秋田書店,桃原,少年チャンピオン・コミックス,
214,4-8322-3757-8,,358,4-8322-3757-8,9784832237575,149699,B1,ノーサイドクエスト,1,,芳文社,好本拓朗,芳文社コミックス,
215,4-8322-3763-2,,357,4-8322-3757-8,9784832237636,149699,B1,ノーサイドクエスト,2,,芳文社,好本拓朗,芳文社コミックス,
216,4-8322-3796-9,,356,4-8322-3757-8,9784832237964,149699,B1,ノーサイドクエスト,3,,芳文社,好本拓朗,芳文社コミックス,
217,4-8322-3826-4,,355,4-8322-3757-8,9784832238268,149699,B1,ノーサイドクエスト,4,,芳文社,好本拓朗,芳文社コミックス,
218,4-8322-3856-6,,354,4-8322-3757-8,9784832238565,149699,B1,ノーサイドクエスト,5,完,芳文社,好本拓朗,芳文社コミックス,
219,4-7575-9703-7,,325,4-7575-9703-7,9784757597037,170837,B1,となりの席のジェームズくん,1,,スクウェア・エニックス,ｙｕｔａｋａ,Ｇファンタジーコミックス,
220,4-301-00027-5,,324,4-7575-9703-7,9784301000273,170837,B1,となりの席のジェームズくん,2,,スクウェア・エニックス,ｙｕｔａｋａ,Ｇファンタジーコミックス,
221,4-301-00484-X,,323,4-7575-9703-7,9784301004844,170837,B1,となりの席のジェームズくん,3,完,スクウェア・エニックス,ｙｕｔａｋａ,Ｇファンタジーコミックス,
222,4-09-863098-2,,169,4-09-863098-2,9784098630981,169663,B1,さよならダイヤモンド,1,,小学館,蛭塚都,ビッグコミックス,
223,4-09-863234-9,,168,4-09-863098-2,9784098632343,169663,B1,さよならダイヤモンド,2,,小学館,蛭塚都,ビッグコミックス,
224,4-09-863439-2,,167,4-09-863098-2,9784098634392,169663,B1,さよならダイヤモンド,3,,小学館,蛭塚都,ビッグコミックス,
225,4-09-863631-X,,166,4-09-863098-2,9784098636310,169663,B1,さよならダイヤモンド,4,,小学館,蛭塚都,ビッグコミックス,
226,4-09-863757-X,,165,4-09-863098-2,9784098637577,169663,B1,さよならダイヤモンド,5,完,小学館,蛭塚都,ビッグコミックス,
227,4-253-32157-7,,249,4-253-32157-7,9784253321570,170861,B1,エリート,1,,秋田書店,阿部秀司,チャンピオンＲＥＤコミックス,
228,4-253-32158-5,,248,4-253-32157-7,9784253321587,170861,B1,エリート,2,,秋田書店,阿部秀司,チャンピオンＲＥＤコミックス,
229,4-253-00999-9,,247,4-253-32157-7,9784253009997,170861,B1,エリート,3,,秋田書店,阿部秀司,チャンピオンＲＥＤコミックス,
230,4-253-01900-5,,246,4-253-32157-7,9784253019002,170861,B1,エリート,4,完,秋田書店,阿部秀司,チャンピオンＲＥＤコミックス,
231,4-8019-8234-4,,339,4-8019-8234-4,9784801982345,166450,B1,灼熱の卓球娘 ＲＥＢＵＲＮ！！,1,,竹書房,朝野やぐら,バンブーコミックス,
232,4-8019-8235-2,,338,4-8019-8234-4,9784801982352,166450,B1,灼熱の卓球娘 ＲＥＢＵＲＮ！！,2,,竹書房,朝野やぐら,バンブーコミックス,
233,4-8019-8505-X,,337,4-8019-8234-4,9784801985056,166450,B1,灼熱の卓球娘 ＲＥＢＵＲＮ！！,3,,竹書房,朝野やぐら,バンブーコミックス,
234,4-08-843152-9,,49,4-08-843152-9,9784088431529,172750,S2,焼肉の女 綾門寺赤奈,1,,集英社,佐藤ざくり,マーガレットコミックス,
235,4-08-843187-1,,48,4-08-843152-9,9784088431871,172750,S2,焼肉の女 綾門寺赤奈,2,,集英社,佐藤ざくり,マーガレットコミックス,
236,4-08-843248-7,,47,4-08-843152-9,9784088432489,172750,S2,焼肉の女 綾門寺赤奈,3,,集英社,佐藤ざくり,マーガレットコミックス,
237,4-08-843298-3,,46,4-08-843152-9,9784088432984,172750,S2,焼肉の女 綾門寺赤奈,4,,集英社,佐藤ざくり,マーガレットコミックス,
238,4-06-535166-9,,225,4-06-535166-9,9784065351666,166993,B1,懐かしく思う君は誰,1,,講談社,濱田一,ＫＣデラックス,
239,4-06-535796-9,,224,4-06-535166-9,9784065357965,166993,B1,懐かしく思う君は誰,2,,講談社,濱田一,ＫＣデラックス,
240,4-06-536758-1,,223,4-06-535166-9,9784065367582,166993,B1,懐かしく思う君は誰,3,完,講談社,濱田一,ＫＣデラックス,
241,4-253-26564-2,,78,4-253-26564-2,9784253265645,167410,B2,やじきた異世界道中記,1,,秋田書店,市東亮子,ボニータ・コミックス,
242,4-253-26565-0,,77,4-253-26564-2,9784253265652,167410,B2,やじきた異世界道中記,2,,秋田書店,市東亮子,ボニータ・コミックス,
243,4-253-26566-9,,76,4-253-26564-2,9784253265669,167410,B2,やじきた異世界道中記,3,,秋田書店,市東亮子,ボニータ・コミックス,
244,4-253-00697-3,,75,4-253-26564-2,9784253006972,167410,B2,やじきた異世界道中記,4,,秋田書店,市東亮子,ボニータ・コミックス,
245,4-253-01746-0,,74,4-253-26564-2,9784253017466,167410,B2,やじきた異世界道中記,5,,秋田書店,市東亮子,ボニータ・コミックス,
246,4-06-535043-3,,229,4-06-535043-3,9784065350430,166608,B1,ビリオンダラー・スレイブ,1,,講談社,マキマヨ,シリウスＫＣ,
247,4-06-536783-2,,228,4-06-535043-3,9784065367834,166608,B1,ビリオンダラー・スレイブ,2,,講談社,マキマヨ,シリウスＫＣ,
248,4-06-538739-6,,227,4-06-535043-3,9784065387399,166608,B1,ビリオンダラー・スレイブ,3,,講談社,マキマヨ,シリウスＫＣ,
249,4-06-540151-8,,226,4-06-535043-3,9784065401514,166608,B1,ビリオンダラー・スレイブ,4,,講談社,マキマヨ,シリウスＫＣ,
250,4-434-28897-0,,336,4-434-28897-0,9784434288975,153503,B1,妻が好きすぎる夫,1,,星雲社,まさぺこ,アルファポリスＣＯＭＩＣＳ,
251,4-434-29637-X,,335,4-434-28897-0,9784434296376,153503,B1,妻が好きすぎる夫,2,,星雲社,まさぺこ,アルファポリスＣＯＭＩＣＳ,
252,4-434-30344-9,,334,4-434-28897-0,9784434303449,153503,B1,妻が好きすぎる夫,3,,星雲社,まさぺこ,アルファポリスＣＯＭＩＣＳ,
253,4-253-31301-9,,263,4-253-31301-9,9784253313018,167754,B1,悪の組織の求人広告,1,,秋田書店,優輝光太朗,ヤングチャンピオン・コミックス,
254,4-253-31302-7,,262,4-253-31301-9,9784253313025,167754,B1,悪の組織の求人広告,2,,秋田書店,優輝光太朗,ヤングチャンピオン・コミックス,
255,4-253-31303-5,,261,4-253-31301-9,9784253313032,167754,B1,悪の組織の求人広告,3,,秋田書店,優輝光太朗,ヤングチャンピオン・コミックス,
256,4-06-542119-5,,222,4-06-542119-5,9784065421192,174754,B1,永久のユウグレ,1,,講談社,濱田一,ＫＣデラックス,
257,4-06-542967-6,,221,4-06-542119-5,9784065429679,174754,B1,永久のユウグレ,2,,講談社,濱田一,ＫＣデラックス,
258,4-06-543889-6,,220,4-06-542119-5,9784065438893,174754,B1,永久のユウグレ,3,完,講談社,濱田一,ＫＣデラックス,
259,4-04-915689-X,,381,4-04-915689-X,9784049156898,167510,B1,金属スライムを倒しまくった俺が【黒鋼の王】と呼ばれるまで,1,,アスキー・メディアワークス,藤屋いずこ,電撃コミックスＮＥＸＴ,
260,4-04-916017-X,,380,4-04-915689-X,9784049160178,167510,B1,金属スライムを倒しまくった俺が【黒鋼の王】と呼ばれるまで,2,,アスキー・メディアワークス,藤屋いずこ,電撃コミックスＮＥＸＴ,
261,4-04-916732-8,,379,4-04-915689-X,9784049167320,167510,B1,金属スライムを倒しまくった俺が【黒鋼の王】と呼ばれるまで,3,,アスキー・メディアワークス,藤屋いずこ,電撃コミックスＮＥＸＴ,
262,4-04-952469-4,,378,4-04-915689-X,9784049524697,167510,B1,金属スライムを倒しまくった俺が【黒鋼の王】と呼ばれるまで,4,,アスキー・メディアワークス,藤屋いずこ,電撃コミックスＮＥＸＴ,
263,4-06-530579-9,,219,4-06-530579-9,9784065305799,161035,B1,断罪六区,1,,講談社,ののやまさき,モーニング　ＫＣ,
264,4-06-531679-0,,218,4-06-530579-9,9784065316795,161035,B1,断罪六区,2,,講談社,ののやまさき,モーニング　ＫＣ,
265,4-06-534629-0,,217,4-06-530579-9,9784065346297,161035,B1,断罪六区,3,完,講談社,ののやまさき,モーニング　ＫＣ,
266,4-09-871485-X,,59,4-09-871485-X,9784098714858,154995,S2,ポンポコロボ アト＆スゥ,1,,小学館,篠塚ひろむ,ちゃおコミックス,
267,4-09-871589-9,,58,4-09-871485-X,9784098715893,154995,S2,ポンポコロボ アト＆スゥ,2,,小学館,篠塚ひろむ,ちゃおコミックス,
268,4-09-871773-5,,57,4-09-871485-X,9784098717736,154995,S2,ポンポコロボ アト＆スゥ,3,,小学館,篠塚ひろむ,ちゃおコミックス,
269,4-09-872010-8,,56,4-09-871485-X,9784098720101,154995,S2,ポンポコロボ アト＆スゥ,4,完,小学館,篠塚ひろむ,ちゃおコミックス,
270,4-06-337481-5,,401,4-06-337481-5,9784063374810,53068,L,ジュゲム・ジュゲム,1,,講談社,ケイケイ,ワイドＫＣ,
271,4-06-337507-2,,400,4-06-337481-5,9784063375077,53068,L,ジュゲム・ジュゲム,2,,講談社,ケイケイ,ワイドＫＣ,
272,4-06-337526-9,,399,4-06-337481-5,9784063375268,53068,L,ジュゲム・ジュゲム,3,,講談社,ケイケイ,ワイドＫＣ,
273,4-06-337544-7,,398,4-06-337481-5,9784063375442,53068,L,ジュゲム・ジュゲム,4,,講談社,ケイケイ,ワイドＫＣ,
274,4-06-337573-0,,397,4-06-337481-5,9784063375732,53068,L,ジュゲム・ジュゲム,5,完,講談社,ケイケイ,ワイドＫＣ,
275,4-04-075429-8,,350,4-04-075429-8,9784040754291,167477,B1,顔に出ない柏田さんと顔に出る太田君＋,1,,富士見書房,東ふゆ,ドラゴンコミックスエイジ,
276,4-04-075863-3,,349,4-04-075429-8,9784040758633,167477,B1,顔に出ない柏田さんと顔に出る太田君＋,2,,富士見書房,東ふゆ,ドラゴンコミックスエイジ,
277,4-04-076188-X,,348,4-04-075429-8,9784040761886,167477,B1,顔に出ない柏田さんと顔に出る太田君＋,3,完,富士見書房,東ふゆ,ドラゴンコミックスエイジ,
278,4-8322-4953-3,,353,4-8322-4953-3,9784832249530,139754,B1,コスモファミリア＊,1,,芳文社,ハノカゲ,まんがタイムＫＲコミックス　フォワードシリーズ,
279,4-8322-7059-1,,352,4-8322-4953-3,9784832270596,139754,B1,コスモファミリア＊,2,,芳文社,ハノカゲ,まんがタイムＫＲコミックス　フォワードシリーズ,
280,4-8322-7118-0,,351,4-8322-4953-3,9784832271180,139754,B1,コスモファミリア＊,3,完,芳文社,ハノカゲ,まんがタイムＫＲコミックス　フォワードシリーズ,
281,4-06-537384-0,,186,4-06-537384-0,9784065373842,169806,B1,やらかし王子が家に来た！,1,,講談社,遠藤海成,星海社ＣＯＭＩＣＳ,
282,4-06-539976-9,,185,4-06-537384-0,9784065399767,169806,B1,やらかし王子が家に来た！,2,,講談社,遠藤海成,星海社ＣＯＭＩＣＳ,
283,4-06-541691-4,,184,4-06-537384-0,9784065416914,169806,B1,やらかし王子が家に来た！,3,,講談社,遠藤海成,星海社ＣＯＭＩＣＳ,
284,4-09-183704-2,,396,4-09-183704-2,9784091837042,7298,L,愛…しりそめし頃に…,1,,小学館,藤子不二雄・Ａ,ビッグコミックススペシャル,
285,4-09-183705-0,,395,4-09-183704-2,9784091837059,7298,L,愛…しりそめし頃に…,2,,小学館,藤子不二雄・Ａ,ビッグコミックススペシャル,
286,4-09-183706-9,,394,4-09-183704-2,9784091837066,7298,L,愛…しりそめし頃に…,3,,小学館,藤子不二雄・Ａ,ビッグコミックススペシャル,
287,4-09-183707-7,,393,4-09-183704-2,9784091837073,7298,L,愛…しりそめし頃に…,4,,小学館,藤子不二雄・Ａ,ビッグコミックススペシャル,
288,4-09-183708-5,,392,4-09-183704-2,9784091837080,7298,L,愛…しりそめし頃に…,5,,小学館,藤子不二雄・Ａ,ビッグコミックススペシャル,
289,4-09-183709-3,,391,4-09-183704-2,9784091837097,7298,L,愛…しりそめし頃に…,6,,小学館,藤子不二雄・Ａ,ビッグコミックススペシャル,
290,4-09-180238-9,,390,4-09-183704-2,9784091802385,7298,L,愛…しりそめし頃に…,7,,小学館,藤子不二雄・Ａ,ビッグコミックススペシャル,
291,4-09-181018-7,,389,4-09-183704-2,9784091810182,7298,L,愛…しりそめし頃に…,8,,小学館,藤子不二雄・Ａ,ビッグコミックススペシャル,
292,4-09-182563-X,,388,4-09-183704-2,9784091825636,7298,L,愛…しりそめし頃に…,9,,小学館,藤子不二雄・Ａ,ビッグコミックススペシャル,
293,4-09-183748-4,,387,4-09-183704-2,9784091837486,7298,L,愛…しりそめし頃に…,10,,小学館,藤子不二雄・Ａ,ビッグコミックススペシャル,
294,4-09-184399-9,,386,4-09-183704-2,9784091843999,7298,L,愛…しりそめし頃に…,11,,小学館,藤子不二雄・Ａ,ビッグコミックススペシャル,
295,4-09-185338-2,,385,4-09-183704-2,9784091853387,7298,L,愛…しりそめし頃に…,12,完,小学館,藤子不二雄・Ａ,ビッグコミックススペシャル,
296,4-06-520969-2,,245,4-06-520969-2,9784065209691,150559,B1,友達として大好き,1,,講談社,ゆうち巳くみ,アフタヌーンＫＣ,
297,4-06-522256-7,,244,4-06-520969-2,9784065222560,150559,B1,友達として大好き,2,,講談社,ゆうち巳くみ,アフタヌーンＫＣ,
298,4-06-524088-3,,243,4-06-520969-2,9784065240885,150559,B1,友達として大好き,3,,講談社,ゆうち巳くみ,アフタヌーンＫＣ,
299,4-434-33098-5,,333,4-434-33098-5,9784434330988,166087,B1,悶えてよ、アダムくん,1,,星雲社,トヨ,ナイトマ,
300,4-434-33099-3,,332,4-434-33098-5,9784434330995,166087,B1,悶えてよ、アダムくん,2,,星雲社,トヨ,ナイトマ,
301,4-434-33803-X,,331,4-434-33098-5,9784434338038,166087,B1,悶えてよ、アダムくん,3,,星雲社,トヨ,ナイトマ,
302,4-434-34554-0,,330,4-434-33098-5,9784434345548,166087,B1,悶えてよ、アダムくん,4,,星雲社,トヨ,ナイトマ,
303,4-434-35553-8,,329,4-434-33098-5,9784434355530,166087,B1,悶えてよ、アダムくん,5,,星雲社,トヨ,ナイトマ,
304,4-434-36328-X,,328,4-434-33098-5,9784434363283,166087,B1,悶えてよ、アダムくん,6,,星雲社,トヨ,ナイトマ,
305,4-434-37033-2,,327,4-434-33098-5,9784434370335,166087,B1,悶えてよ、アダムくん,7,,星雲社,トヨ,ナイトマ,
306,4-434-37871-6,,326,4-434-33098-5,9784434378713,166087,B1,悶えてよ、アダムくん,8,,星雲社,トヨ,ナイトマ,
307,4-04-065456-0,,370,4-04-065456-0,9784040654560,142829,B1,珈琲のまずい極道喫茶店,1,,メディアファクトリー,夏目巡,ＢＲＩＤＧＥ　ＣＯＭＩＣＳ,
308,4-04-064100-0,,369,4-04-065456-0,9784040641003,142829,B1,珈琲のまずい極道喫茶店,2,,メディアファクトリー,夏目巡,ＢＲＩＤＧＥ　ＣＯＭＩＣＳ,
309,4-04-064510-3,,368,4-04-065456-0,9784040645100,142829,B1,珈琲のまずい極道喫茶店,3,,メディアファクトリー,夏目巡,ＢＲＩＤＧＥ　ＣＯＭＩＣＳ,
310,4-06-540048-1,,238,4-06-540048-1,9784065400487,172777,B1,宙飛ぶバイオリン,1,,講談社,三原和人,モーニング　ＫＣ,
311,4-06-541178-5,,237,4-06-540048-1,9784065411780,172777,B1,宙飛ぶバイオリン,2,,講談社,三原和人,モーニング　ＫＣ,
312,4-06-542546-8,,236,4-06-540048-1,9784065425466,172777,B1,宙飛ぶバイオリン,3,,講談社,三原和人,モーニング　ＫＣ,
313,4-06-543944-2,,235,4-06-540048-1,9784065439449,172777,B1,宙飛ぶバイオリン,4,,講談社,三原和人,モーニング　ＫＣ,
314,4-06-545313-5,,234,4-06-540048-1,9784065453131,172777,B1,宙飛ぶバイオリン,5,,講談社,三原和人,モーニング　ＫＣ,
315,4-7992-1504-3,,288,4-7992-1504-3,9784799215043,153418,B1,異世界喰滅のサメ,1,,キルタイムコミュニケーション,くぼけん,ヴァルキリーコミックス,
316,4-7992-1549-3,,287,4-7992-1504-3,9784799215494,153418,B1,異世界喰滅のサメ,2,,キルタイムコミュニケーション,くぼけん,ヴァルキリーコミックス,
317,4-7992-1637-6,,286,4-7992-1504-3,9784799216378,153418,B1,異世界喰滅のサメ,3,,キルタイムコミュニケーション,くぼけん,ヴァルキリーコミックス,
318,4-7992-1692-9,,285,4-7992-1504-3,9784799216927,153418,B1,異世界喰滅のサメ,4,,キルタイムコミュニケーション,くぼけん,ヴァルキリーコミックス,
319,4-7992-1764-X,,284,4-7992-1504-3,9784799217641,153418,B1,異世界喰滅のサメ,5,,キルタイムコミュニケーション,くぼけん,ヴァルキリーコミックス,
320,4-7992-1811-5,,283,4-7992-1504-3,9784799218112,153418,B1,異世界喰滅のサメ,6,,キルタイムコミュニケーション,くぼけん,ヴァルキリーコミックス,
321,4-7992-1866-2,,282,4-7992-1504-3,9784799218662,153418,B1,異世界喰滅のサメ,7,,キルタイムコミュニケーション,くぼけん,ヴァルキリーコミックス,
322,4-7992-1940-5,,281,4-7992-1504-3,9784799219409,153418,B1,異世界喰滅のサメ,8,,キルタイムコミュニケーション,くぼけん,ヴァルキリーコミックス,
323,4-7992-1992-8,,280,4-7992-1504-3,9784799219928,153418,B1,異世界喰滅のサメ,9,,キルタイムコミュニケーション,くぼけん,ヴァルキリーコミックス,
324,4-7992-2073-X,,279,4-7992-1504-3,9784799220733,153418,B1,異世界喰滅のサメ,10,,キルタイムコミュニケーション,くぼけん,ヴァルキリーコミックス,
325,4-7992-2134-5,,278,4-7992-1504-3,9784799221341,153418,B1,異世界喰滅のサメ,11,,キルタイムコミュニケーション,くぼけん,ヴァルキリーコミックス,
326,4-7992-2192-2,,277,4-7992-1504-3,9784799221921,153418,B1,異世界喰滅のサメ,12,,キルタイムコミュニケーション,くぼけん,ヴァルキリーコミックス,
327,4-09-860479-5,,118,4-09-860479-5,9784098604791,146512,B1,プラネットガール,1,,小学館,大石日々,ビッグコミックス,
328,4-09-860574-0,,117,4-09-860479-5,9784098605743,146512,B1,プラネットガール,2,,小学館,大石日々,ビッグコミックス,
329,4-09-860807-3,,116,4-09-860479-5,9784098608072,146512,B1,プラネットガール,3,,小学館,大石日々,ビッグコミックス,
330,4-7575-7938-1,,322,4-7575-7938-1,9784757579385,157990,B1,ログインサバイバル,1,,スクウェア・エニックス,竹鶏三歩,Ｇファンタジーコミックス,
331,4-7575-8327-3,,321,4-7575-7938-1,9784757583276,157990,B1,ログインサバイバル,2,,スクウェア・エニックス,竹鶏三歩,Ｇファンタジーコミックス,
332,4-7575-8701-5,,320,4-7575-7938-1,9784757587014,157990,B1,ログインサバイバル,3,,スクウェア・エニックス,竹鶏三歩,Ｇファンタジーコミックス,
333,4-7575-9211-6,,319,4-7575-7938-1,9784757592117,157990,B1,ログインサバイバル,4,,スクウェア・エニックス,竹鶏三歩,Ｇファンタジーコミックス,
334,4-7575-9538-7,,318,4-7575-7938-1,9784757595385,157990,B1,ログインサバイバル,5,完,スクウェア・エニックス,竹鶏三歩,Ｇファンタジーコミックス,
335,4-04-114337-3,,276,4-04-114337-3,9784041143377,165645,B1,恋する２ＤＫ、あやかし前妻憑き。,1,,角川書店,作楽ロク,カドカワコミックスＡ,
336,4-04-114821-9,,275,4-04-114337-3,9784041148211,165645,B1,恋する２ＤＫ、あやかし前妻憑き。,2,,角川書店,作楽ロク,カドカワコミックスＡ,
337,4-04-115786-2,,274,4-04-114337-3,9784041157862,165645,B1,恋する２ＤＫ、あやかし前妻憑き。,3,,角川書店,作楽ロク,カドカワコミックスＡ,
338,4-06-539703-0,,183,4-06-539703-0,9784065397039,172416,B1,もうひとつのピアノの森 整う音,1,,講談社,一色まこと,モーニング　ＫＣ,
339,4-06-541712-0,,182,4-06-539703-0,9784065417126,172416,B1,もうひとつのピアノの森 整う音,2,,講談社,一色まこと,モーニング　ＫＣ,
340,4-06-543702-4,,181,4-06-539703-0,9784065437025,172416,B1,もうひとつのピアノの森 整う音,3,,講談社,一色まこと,モーニング　ＫＣ,
341,4-04-106698-0,,273,4-04-106698-0,9784041066980,138596,B1,地獄の釜の蓋を開けろ,1,,角川書店,鬼頭えん,カドカワコミックスＡエース,
342,4-04-107496-7,,272,4-04-106698-0,9784041074961,138596,B1,地獄の釜の蓋を開けろ,2,,角川書店,鬼頭えん,カドカワコミックスＡエース,
343,4-04-108842-9,,271,4-04-106698-0,9784041088425,138596,B1,地獄の釜の蓋を開けろ,3,,角川書店,鬼頭えん,カドカワコミックスＡエース,
344,4-08-881702-8,,16,4-08-881702-8,9784088817026,142384,S1,モナリザマニア,1,,集英社,ヨシカゲ,ジャンプコミックス,
345,4-08-881836-9,,15,4-08-881702-8,9784088818368,142384,S1,モナリザマニア,2,,集英社,ヨシカゲ,ジャンプコミックス,
346,4-08-882062-2,,14,4-08-881702-8,9784088820620,142384,S1,モナリザマニア,3,完,集英社,ヨシカゲ,ジャンプコミックス,
347,4-06-528536-4,,29,4-06-528536-4,9784065285367,159068,S1,君じゃなきゃダメな奴隷少女,1,,講談社,青目槙斗,講談社コミックス月刊マガジン,
348,4-06-529684-6,,28,4-06-528536-4,9784065296844,159068,S1,君じゃなきゃダメな奴隷少女,2,,講談社,青目槙斗,講談社コミックス月刊マガジン,
349,4-06-530068-1,,27,4-06-528536-4,9784065300688,159068,S1,君じゃなきゃダメな奴隷少女,3,,講談社,青目槙斗,講談社コミックス月刊マガジン,
350,4-06-530467-9,,26,4-06-528536-4,9784065304679,159068,S1,君じゃなきゃダメな奴隷少女,4,,講談社,青目槙斗,講談社コミックス月刊マガジン,
351,4-06-531832-7,,25,4-06-528536-4,9784065318324,159068,S1,君じゃなきゃダメな奴隷少女,5,,講談社,青目槙斗,講談社コミックス月刊マガジン,
352,4-06-532996-5,,24,4-06-528536-4,9784065329962,159068,S1,君じゃなきゃダメな奴隷少女,6,,講談社,青目槙斗,講談社コミックス月刊マガジン,
353,4-08-884350-9,,101,4-08-884350-9,9784088843506,169983,B1,ルナティック・テラポップ,1,,集英社,橋田久弥,ジャンプコミックス,
354,4-08-884596-X,,100,4-08-884350-9,9784088845968,169983,B1,ルナティック・テラポップ,2,,集英社,橋田久弥,ジャンプコミックス,
355,4-08-884773-3,,99,4-08-884350-9,9784088847733,169983,B1,ルナティック・テラポップ,3,,集英社,橋田久弥,ジャンプコミックス,
356,4-08-884883-7,,98,4-08-884350-9,9784088848839,169983,B1,ルナティック・テラポップ,4,完,集英社,橋田久弥,ジャンプコミックス,
357,4-08-884495-5,,115,4-08-884495-5,9784088844954,171193,B1,都市伝説先輩,1,,集英社,平岡一輝,ジャンプコミックス,
358,4-08-884678-8,,114,4-08-884495-5,9784088846781,171193,B1,都市伝説先輩,2,,集英社,平岡一輝,ジャンプコミックス,
359,4-08-884863-2,,113,4-08-884495-5,9784088848631,171193,B1,都市伝説先輩,3,,集英社,平岡一輝,ジャンプコミックス,
360,4-08-885233-8,,112,4-08-884495-5,9784088852331,171193,B1,都市伝説先輩,4,,集英社,平岡一輝,ジャンプコミックス,
361,4-06-537755-2,,42,4-06-537755-2,9784065377550,170005,S1,ヴァンデッド,1,,講談社,四隅ノマド,講談社コミックス,
362,4-06-538415-X,,41,4-06-537755-2,9784065384152,170005,S1,ヴァンデッド,2,,講談社,四隅ノマド,講談社コミックス,
363,4-06-539350-7,,40,4-06-537755-2,9784065393505,170005,S1,ヴァンデッド,3,,講談社,四隅ノマド,講談社コミックス,
364,4-06-537244-5,,216,4-06-537244-5,9784065372449,169188,B1,イジメ０の学校,1,,講談社,西嶋慶大,ヤンマガＫＣスペシャル,
365,4-06-538278-5,,215,4-06-537244-5,9784065382783,169188,B1,イジメ０の学校,2,,講談社,西嶋慶大,ヤンマガＫＣスペシャル,
366,4-06-539229-2,,214,4-06-537244-5,9784065392294,169188,B1,イジメ０の学校,3,完,講談社,西嶋慶大,ヤンマガＫＣスペシャル,
367,4-08-892593-9,,106,4-08-892593-9,9784088925936,162805,B1,ＯＨＭＹＧＯＤ,1,,集英社,反田背骨,ヤングジャンプコミックス,
368,4-08-892636-6,,105,4-08-892593-9,9784088926360,162805,B1,ＯＨＭＹＧＯＤ,2,,集英社,反田背骨,ヤングジャンプコミックス,
369,4-08-892827-X,,104,4-08-892593-9,9784088928272,162805,B1,ＯＨＭＹＧＯＤ,3,,集英社,反田背骨,ヤングジャンプコミックス,
370,4-08-893254-4,,103,4-08-892593-9,9784088932545,162805,B1,ＯＨＭＹＧＯＤ,4,,集英社,反田背骨,ヤングジャンプコミックス,
371,4-08-893369-9,,102,4-08-892593-9,9784088933696,162805,B1,ＯＨＭＹＧＯＤ,5,,集英社,反田背骨,ヤングジャンプコミックス,
372,4-334-80820-4,,83,4-334-80820-4,9784334808204,155359,B2,死ぬほど愛して,1,,光文社,草壁エリザ,光文社コミックス,
373,4-334-80827-1,,82,4-334-80820-4,9784334808273,155359,B2,死ぬほど愛して,2,,光文社,草壁エリザ,光文社コミックス,
374,4-334-80842-5,,81,4-334-80820-4,9784334808426,155359,B2,死ぬほど愛して,3,,光文社,草壁エリザ,光文社コミックス,
375,4-334-80849-2,,80,4-334-80820-4,9784334808495,155359,B2,死ぬほど愛して,4,,光文社,草壁エリザ,光文社コミックス,
376,4-334-80853-0,,79,4-334-80820-4,9784334808532,155359,B2,死ぬほど愛して,5,完,光文社,草壁エリザ,光文社コミックス,
377,4-04-913238-9,,377,4-04-913238-9,9784049132380,149185,B1,雨でも晴れでも,1,,アスキー・メディアワークス,あらた伊里,電撃コミックスＮＥＸＴ,
378,4-04-913662-7,,376,4-04-913238-9,9784049136623,149185,B1,雨でも晴れでも,2,,アスキー・メディアワークス,あらた伊里,電撃コミックスＮＥＸＴ,
379,4-04-914258-9,,375,4-04-913238-9,9784049142587,149185,B1,雨でも晴れでも,3,,アスキー・メディアワークス,あらた伊里,電撃コミックスＮＥＸＴ,
380,4-09-863030-3,,128,4-09-863030-3,9784098630301,168987,B1,サラセニア,1,,小学館,九駄礁太,ビッグコミックス,
381,4-09-863176-8,,127,4-09-863030-3,9784098631766,168987,B1,サラセニア,2,,小学館,九駄礁太,ビッグコミックス,
382,4-09-863540-2,,126,4-09-863030-3,9784098635405,168987,B1,サラセニア,3,,小学館,九駄礁太,ビッグコミックス,
383,4-09-863762-6,,125,4-09-863030-3,9784098637621,168987,B1,サラセニア,4,,小学館,九駄礁太,ビッグコミックス,
384,4-09-864126-7,,124,4-09-863030-3,9784098641260,168987,B1,サラセニア,5,完,小学館,九駄礁太,ビッグコミックス,
385,4-10-772771-8,,307,4-10-772771-8,9784107727718,170240,B1,最後のレストラン Ｄａｎｔｅ,1,,新潮社,藤栄道彦,バンチコミックス,
386,4-10-772840-4,,306,4-10-772771-8,9784107728401,170240,B1,最後のレストラン Ｄａｎｔｅ,2,,新潮社,藤栄道彦,バンチコミックス,
387,4-10-772874-9,,305,4-10-772771-8,9784107728746,170240,B1,最後のレストラン Ｄａｎｔｅ,3,,新潮社,藤栄道彦,バンチコミックス,
388,4-10-772913-3,,304,4-10-772771-8,9784107729132,170240,B1,最後のレストラン Ｄａｎｔｅ,4,,新潮社,藤栄道彦,バンチコミックス,
389,4-10-772980-X,,303,4-10-772771-8,9784107729804,170240,B1,最後のレストラン Ｄａｎｔｅ,5,,新潮社,藤栄道彦,バンチコミックス,
390,4-06-511213-3,,39,4-06-511213-3,9784065112137,138184,S1,木星少女流星群,1,,講談社,真木蛍五,週マガＫＣ,
391,4-06-511402-0,,38,4-06-511213-3,9784065114025,138184,S1,木星少女流星群,2,,講談社,真木蛍五,週マガＫＣ,
392,4-06-511781-X,,37,4-06-511213-3,9784065117811,138184,S1,木星少女流星群,3,完,講談社,真木蛍五,週マガＫＣ,
393,4-06-511214-1,,45,4-06-511214-1,9784065112144,138185,S1,ヘッポコ勇者に戦略を,1,,講談社,悪介,週マガＫＣ,
394,4-06-511403-9,,44,4-06-511214-1,9784065114032,138185,S1,ヘッポコ勇者に戦略を,2,,講談社,悪介,週マガＫＣ,
395,4-06-511782-8,,43,4-06-511214-1,9784065117828,138185,S1,ヘッポコ勇者に戦略を,3,,講談社,悪介,週マガＫＣ,
396,4-253-16262-2,,73,4-253-16262-2,9784253162623,168889,B2,ブラパト！  ブランドパトロール 本日も異常なし！,1,,秋田書店,大久保ヒロミ,Ａ．Ｌ．Ｃ．ＤＸ,
397,4-253-16263-0,,72,4-253-16262-2,9784253162630,168889,B2,ブラパト！  ブランドパトロール 本日も異常なし！,2,,秋田書店,大久保ヒロミ,Ａ．Ｌ．Ｃ．ＤＸ,
398,4-253-16265-7,,71,4-253-16262-2,9784253162654,168889,B2,ブラパト！  ブランドパトロール 本日も異常なし！,3,完,秋田書店,大久保ヒロミ,Ａ．Ｌ．Ｃ．ＤＸ,
399,4-08-851621-4,,13,4-08-851621-4,9784088516219,51791,S1,天地を喰らう,1,,集英社,本宮ひろ志,ジャンプコミックス,
400,4-08-851622-2,,12,4-08-851621-4,9784088516226,51791,S1,天地を喰らう,2,,集英社,本宮ひろ志,ジャンプコミックス,
401,4-08-851623-0,,11,4-08-851621-4,9784088516233,51791,S1,天地を喰らう,3,,集英社,本宮ひろ志,ジャンプコミックス,
402,4-08-851624-9,,10,4-08-851621-4,9784088516240,51791,S1,天地を喰らう,4,,集英社,本宮ひろ志,ジャンプコミックス,
403,4-08-851625-7,,9,4-08-851621-4,9784088516257,51791,S1,天地を喰らう,5,,集英社,本宮ひろ志,ジャンプコミックス,
404,4-08-851626-5,,8,4-08-851621-4,9784088516264,51791,S1,天地を喰らう,6,,集英社,本宮ひろ志,ジャンプコミックス,
405,4-08-851627-3,,7,4-08-851621-4,9784088516271,51791,S1,天地を喰らう,7,完,集英社,本宮ひろ志,ジャンプコミックス,
